2026-07-29 00:46:29.493 INFO  [ApiDriftScheduler_Worker-4] c.e.apidrift.config.SpecPollingJob : SpecPollingJob triggered at Wed Jul 29 00:46:29 IST 2026
2026-07-29 00:46:29.532 INFO  [ApiDriftScheduler_Worker-4] c.e.a.service.IngestionOrchestrator : Starting ingestion pipeline for 1 active vendors
2026-07-29 00:46:29.532 INFO  [ApiDriftScheduler_Worker-4] c.e.a.service.IngestionOrchestrator : === Starting pipeline for vendor: Petstore ===
2026-07-29 00:46:30.159 DEBUG [ApiDriftScheduler_Worker-4] c.e.a.engine.EgressFetchService : SSRF validation passed for petstore3.swagger.io -> 54.243.102.73
2026-07-29 00:46:31.110 INFO  [ApiDriftScheduler_Worker-4] c.e.a.engine.EgressFetchService : Successfully fetched spec from https://petstore3.swagger.io/api/v3/openapi.json (17106 bytes)
2026-07-29 00:46:31.114 INFO  [ApiDriftScheduler_Worker-4] c.e.a.service.IngestionOrchestrator : NO_CHANGE_DETECTED for vendor Petstore (hash: 00441c05add60f28da55eb4563d3fb6bbda364ba8eb7b381e2e2c98613005c82)
2026-07-29 01:00:59.274 WARN  [HikariPool-1 housekeeper] com.zaxxer.hikari.pool.HikariPool : HikariPool-1 - Thread starvation or clock leap detected (housekeeper delta=1h2m28s218ms).
2026-07-29 01:21:54.631 INFO  [ApiDriftScheduler_Worker-1] c.e.apidrift.config.SpecPollingJob : SpecPollingJob triggered at Wed Jul 29 01:21:54 IST 2026
2026-07-29 01:21:54.652 INFO  [ApiDriftScheduler_Worker-1] c.e.a.service.IngestionOrchestrator : Starting ingestion pipeline for 1 active vendors
2026-07-29 01:21:54.653 INFO  [ApiDriftScheduler_Worker-1] c.e.a.service.IngestionOrchestrator : === Starting pipeline for vendor: Petstore ===
2026-07-29 01:21:54.653 DEBUG [ApiDriftScheduler_Worker-1] c.e.a.engine.EgressFetchService : SSRF validation passed for petstore3.swagger.io -> 54.243.102.73
2026-07-29 01:21:54.875 WARN  [reactor-http-nio-6] r.n.http.client.HttpClientConnect : [0e24b45f-2, L:/192.168.1.20:51152 - R:petstore3.swagger.io/54.243.102.73:443] The connection observed an error
java.net.SocketException: Connection reset
	at java.base/sun.nio.ch.SocketChannelImpl.throwConnectionReset(SocketChannelImpl.java:401)
	at java.base/sun.nio.ch.SocketChannelImpl.read(SocketChannelImpl.java:434)
	at io.netty.buffer.PooledByteBuf.setBytes(PooledByteBuf.java:255)
	at io.netty.buffer.AbstractByteBuf.writeBytes(AbstractByteBuf.java:1132)
	at io.netty.channel.socket.nio.NioSocketChannel.doReadBytes(NioSocketChannel.java:356)
	at io.netty.channel.nio.AbstractNioByteChannel$NioByteUnsafe.read(AbstractNioByteChannel.java:151)
	at io.netty.channel.nio.NioEventLoop.processSelectedKey(NioEventLoop.java:788)
	at io.netty.channel.nio.NioEventLoop.processSelectedKeysOptimized(NioEventLoop.java:724)
	at io.netty.channel.nio.NioEventLoop.processSelectedKeys(NioEventLoop.java:650)
	at io.netty.channel.nio.NioEventLoop.run(NioEventLoop.java:562)
	at io.netty.util.concurrent.SingleThreadEventExecutor$4.run(SingleThreadEventExecutor.java:994)
	at io.netty.util.internal.ThreadExecutorMap$2.run(ThreadExecutorMap.java:74)
	at io.netty.util.concurrent.FastThreadLocalRunnable.run(FastThreadLocalRunnable.java:30)
	at java.base/java.lang.Thread.run(Thread.java:1583)
2026-07-29 01:21:54.880 ERROR [ApiDriftScheduler_Worker-1] c.e.a.service.IngestionOrchestrator : Pipeline failed for vendor Petstore: Connection reset
org.springframework.web.reactive.function.client.WebClientRequestException: Connection reset
	at org.springframework.web.reactive.function.client.ExchangeFunctions$DefaultExchangeFunction.lambda$wrapException$9(ExchangeFunctions.java:136)
	Suppressed: reactor.core.publisher.FluxOnAssembly$OnAssemblyException: 
Error has been observed at the following site(s):
	*__checkpoint ⇢ Request to GET https://petstore3.swagger.io/api/v3/openapi.json [DefaultWebClient]
Original Stack Trace:
		at org.springframework.web.reactive.function.client.ExchangeFunctions$DefaultExchangeFunction.lambda$wrapException$9(ExchangeFunctions.java:136)
		at reactor.core.publisher.MonoErrorSupplied.subscribe(MonoErrorSupplied.java:55)
		at reactor.core.publisher.Mono.subscribe(Mono.java:4568)
		at reactor.core.publisher.FluxOnErrorResume$ResumeSubscriber.onError(FluxOnErrorResume.java:103)
		at reactor.core.publisher.FluxPeek$PeekSubscriber.onError(FluxPeek.java:222)
		at reactor.core.publisher.FluxPeek$PeekSubscriber.onError(FluxPeek.java:222)
		at reactor.core.publisher.FluxPeek$PeekSubscriber.onError(FluxPeek.java:222)
		at reactor.core.publisher.MonoNext$NextSubscriber.onError(MonoNext.java:93)
		at reactor.core.publisher.MonoFlatMapMany$FlatMapManyMain.onError(MonoFlatMapMany.java:205)
		at reactor.core.publisher.SerializedSubscriber.onError(SerializedSubscriber.java:124)
		at reactor.core.publisher.FluxRetryWhen$RetryWhenMainSubscriber.whenError(FluxRetryWhen.java:229)
		at reactor.core.publisher.FluxRetryWhen$RetryWhenOtherSubscriber.onError(FluxRetryWhen.java:279)
		at reactor.core.publisher.FluxContextWrite$ContextWriteSubscriber.onError(FluxContextWrite.java:121)
		at reactor.core.publisher.FluxConcatMapNoPrefetch$FluxConcatMapNoPrefetchSubscriber.maybeOnError(FluxConcatMapNoPrefetch.java:327)
		at reactor.core.publisher.FluxConcatMapNoPrefetch$FluxConcatMapNoPrefetchSubscriber.onNext(FluxConcatMapNoPrefetch.java:212)
		at reactor.core.publisher.FluxContextWrite$ContextWriteSubscriber.onNext(FluxContextWrite.java:107)
		at reactor.core.publisher.SinkManyEmitterProcessor.drain(SinkManyEmitterProcessor.java:476)
		at reactor.core.publisher.SinkManyEmitterProcessor$EmitterInner.drainParent(SinkManyEmitterProcessor.java:620)
		at reactor.core.publisher.FluxPublish$PubSubInner.request(FluxPublish.java:874)
		at reactor.core.publisher.FluxContextWrite$ContextWriteSubscriber.request(FluxContextWrite.java:136)
		at reactor.core.publisher.FluxConcatMapNoPrefetch$FluxConcatMapNoPrefetchSubscriber.request(FluxConcatMapNoPrefetch.java:337)
		at reactor.core.publisher.FluxContextWrite$ContextWriteSubscriber.request(FluxContextWrite.java:136)
		at reactor.core.publisher.Operators$DeferredSubscription.request(Operators.java:1743)
		at reactor.core.publisher.FluxRetryWhen$RetryWhenMainSubscriber.onError(FluxRetryWhen.java:196)
		at reactor.core.publisher.MonoCreate$DefaultMonoSink.error(MonoCreate.java:205)
		at reactor.netty.http.client.HttpClientConnect$HttpObserver.onUncaughtException(HttpClientConnect.java:403)
		at reactor.netty.ReactorNetty$CompositeConnectionObserver.onUncaughtException(ReactorNetty.java:703)
		at reactor.netty.resources.DefaultPooledConnectionProvider$DisposableAcquire.onUncaughtException(DefaultPooledConnectionProvider.java:223)
		at reactor.netty.resources.DefaultPooledConnectionProvider$PooledConnection.onUncaughtException(DefaultPooledConnectionProvider.java:476)
		at reactor.netty.channel.FluxReceive.drainReceiver(FluxReceive.java:247)
		at reactor.netty.channel.FluxReceive.onInboundError(FluxReceive.java:468)
		at reactor.netty.channel.ChannelOperations.onInboundError(ChannelOperations.java:515)
		at reactor.netty.channel.ChannelOperationsHandler.exceptionCaught(ChannelOperationsHandler.java:145)
		at io.netty.channel.AbstractChannelHandlerContext.invokeExceptionCaught(AbstractChannelHandlerContext.java:346)
		at io.netty.channel.AbstractChannelHandlerContext.invokeExceptionCaught(AbstractChannelHandlerContext.java:325)
		at io.netty.channel.AbstractChannelHandlerContext.fireExceptionCaught(AbstractChannelHandlerContext.java:317)
		at io.netty.channel.CombinedChannelDuplexHandler$DelegatingChannelHandlerContext.fireExceptionCaught(CombinedChannelDuplexHandler.java:424)
		at io.netty.channel.ChannelHandlerAdapter.exceptionCaught(ChannelHandlerAdapter.java:92)
		at io.netty.channel.CombinedChannelDuplexHandler$1.fireExceptionCaught(CombinedChannelDuplexHandler.java:145)
		at io.netty.channel.ChannelInboundHandlerAdapter.exceptionCaught(ChannelInboundHandlerAdapter.java:143)
		at io.netty.channel.CombinedChannelDuplexHandler.exceptionCaught(CombinedChannelDuplexHandler.java:231)
		at io.netty.channel.AbstractChannelHandlerContext.invokeExceptionCaught(AbstractChannelHandlerContext.java:346)
		at io.netty.channel.AbstractChannelHandlerContext.invokeExceptionCaught(AbstractChannelHandlerContext.java:325)
		at io.netty.channel.AbstractChannelHandlerContext.fireExceptionCaught(AbstractChannelHandlerContext.java:317)
		at io.netty.handler.ssl.SslHandler.exceptionCaught(SslHandler.java:1204)
		at io.netty.channel.AbstractChannelHandlerContext.invokeExceptionCaught(AbstractChannelHandlerContext.java:346)
		at io.netty.channel.AbstractChannelHandlerContext.invokeExceptionCaught(AbstractChannelHandlerContext.java:325)
		at io.netty.channel.AbstractChannelHandlerContext.fireExceptionCaught(AbstractChannelHandlerContext.java:317)
		at io.netty.channel.DefaultChannelPipeline$HeadContext.exceptionCaught(DefaultChannelPipeline.java:1374)
		at io.netty.channel.AbstractChannelHandlerContext.invokeExceptionCaught(AbstractChannelHandlerContext.java:346)
		at io.netty.channel.AbstractChannelHandlerContext.invokeExceptionCaught(AbstractChannelHandlerContext.java:325)
		at io.netty.channel.DefaultChannelPipeline.fireExceptionCaught(DefaultChannelPipeline.java:906)
		at io.netty.channel.nio.AbstractNioByteChannel$NioByteUnsafe.handleReadException(AbstractNioByteChannel.java:125)
		at io.netty.channel.nio.AbstractNioByteChannel$NioByteUnsafe.read(AbstractNioByteChannel.java:177)
		at io.netty.channel.nio.NioEventLoop.processSelectedKey(NioEventLoop.java:788)
		at io.netty.channel.nio.NioEventLoop.processSelectedKeysOptimized(NioEventLoop.java:724)
		at io.netty.channel.nio.NioEventLoop.processSelectedKeys(NioEventLoop.java:650)
		at io.netty.channel.nio.NioEventLoop.run(NioEventLoop.java:562)
		at io.netty.util.concurrent.SingleThreadEventExecutor$4.run(SingleThreadEventExecutor.java:994)
		at io.netty.util.internal.ThreadExecutorMap$2.run(ThreadExecutorMap.java:74)
		at io.netty.util.concurrent.FastThreadLocalRunnable.run(FastThreadLocalRunnable.java:30)
		at java.base/java.lang.Thread.run(Thread.java:1583)
	Suppressed: java.lang.Exception: #block terminated with an error
		at reactor.core.publisher.BlockingSingleSubscriber.blockingGet(BlockingSingleSubscriber.java:104)
		at reactor.core.publisher.Mono.block(Mono.java:1779)
		at com.enterprise.apidrift.engine.EgressFetchService.fetchSpec(EgressFetchService.java:60)
		at com.enterprise.apidrift.service.IngestionOrchestrator.runPipeline(IngestionOrchestrator.java:67)
		at com.enterprise.apidrift.service.IngestionOrchestrator.runForAllActiveVendors(IngestionOrchestrator.java:50)
		at java.base/jdk.internal.reflect.DirectMethodHandleAccessor.invoke(DirectMethodHandleAccessor.java:103)
		at java.base/java.lang.reflect.Method.invoke(Method.java:580)
		at org.springframework.aop.support.AopUtils.invokeJoinpointUsingReflection(AopUtils.java:354)
		at org.springframework.aop.framework.CglibAopProxy$DynamicAdvisedInterceptor.intercept(CglibAopProxy.java:716)
		at com.enterprise.apidrift.service.IngestionOrchestrator$$SpringCGLIB$$0.runForAllActiveVendors(<generated>)
		at com.enterprise.apidrift.config.SpecPollingJob.executeInternal(SpecPollingJob.java:30)
		at org.springframework.scheduling.quartz.QuartzJobBean.execute(QuartzJobBean.java:75)
		at org.quartz.core.JobRunShell.run(JobRunShell.java:202)
		at org.quartz.simpl.SimpleThreadPool$WorkerThread.run(SimpleThreadPool.java:573)
Caused by: java.net.SocketException: Connection reset
	at java.base/sun.nio.ch.SocketChannelImpl.throwConnectionReset(SocketChannelImpl.java:401)
	at java.base/sun.nio.ch.SocketChannelImpl.read(SocketChannelImpl.java:434)
	at io.netty.buffer.PooledByteBuf.setBytes(PooledByteBuf.java:255)
	at io.netty.buffer.AbstractByteBuf.writeBytes(AbstractByteBuf.java:1132)
	at io.netty.channel.socket.nio.NioSocketChannel.doReadBytes(NioSocketChannel.java:356)
	at io.netty.channel.nio.AbstractNioByteChannel$NioByteUnsafe.read(AbstractNioByteChannel.java:151)
	at io.netty.channel.nio.NioEventLoop.processSelectedKey(NioEventLoop.java:788)
	at io.netty.channel.nio.NioEventLoop.processSelectedKeysOptimized(NioEventLoop.java:724)
	at io.netty.channel.nio.NioEventLoop.processSelectedKeys(NioEventLoop.java:650)
	at io.netty.channel.nio.NioEventLoop.run(NioEventLoop.java:562)
	at io.netty.util.concurrent.SingleThreadEventExecutor$4.run(SingleThreadEventExecutor.java:994)
	at io.netty.util.internal.ThreadExecutorMap$2.run(ThreadExecutorMap.java:74)
	at io.netty.util.concurrent.FastThreadLocalRunnable.run(FastThreadLocalRunnable.java:30)
	at java.base/java.lang.Thread.run(Thread.java:1583)
2026-07-29 01:22:05.916 WARN  [HikariPool-1 housekeeper] com.zaxxer.hikari.pool.HikariPool : HikariPool-1 - Thread starvation or clock leap detected (housekeeper delta=21m6s643ms).
2026-07-29 02:12:55.805 INFO  [ApiDriftScheduler_Worker-2] c.e.apidrift.config.SpecPollingJob : SpecPollingJob triggered at Wed Jul 29 02:12:55 IST 2026
2026-07-29 02:12:55.818 INFO  [ApiDriftScheduler_Worker-2] c.e.a.service.IngestionOrchestrator : Starting ingestion pipeline for 1 active vendors
2026-07-29 02:12:55.818 INFO  [ApiDriftScheduler_Worker-2] c.e.a.service.IngestionOrchestrator : === Starting pipeline for vendor: Petstore ===
2026-07-29 02:12:56.032 DEBUG [ApiDriftScheduler_Worker-2] c.e.a.engine.EgressFetchService : SSRF validation passed for petstore3.swagger.io -> 18.234.12.64
2026-07-29 02:30:17.043 WARN  [reactor-http-nio-7] r.n.http.client.HttpClientConnect : [4cba6514-1, L:/192.168.1.20:51182 - R:petstore3.swagger.io/18.234.12.64:443] The connection observed an error
java.net.SocketException: Connection reset
	at java.base/sun.nio.ch.SocketChannelImpl.throwConnectionReset(SocketChannelImpl.java:401)
	at java.base/sun.nio.ch.SocketChannelImpl.read(SocketChannelImpl.java:434)
	at io.netty.buffer.PooledByteBuf.setBytes(PooledByteBuf.java:255)
	at io.netty.buffer.AbstractByteBuf.writeBytes(AbstractByteBuf.java:1132)
	at io.netty.channel.socket.nio.NioSocketChannel.doReadBytes(NioSocketChannel.java:356)
	at io.netty.channel.nio.AbstractNioByteChannel$NioByteUnsafe.read(AbstractNioByteChannel.java:151)
	at io.netty.channel.nio.NioEventLoop.processSelectedKey(NioEventLoop.java:788)
	at io.netty.channel.nio.NioEventLoop.processSelectedKeysOptimized(NioEventLoop.java:724)
	at io.netty.channel.nio.NioEventLoop.processSelectedKeys(NioEventLoop.java:650)
	at io.netty.channel.nio.NioEventLoop.run(NioEventLoop.java:562)
	at io.netty.util.concurrent.SingleThreadEventExecutor$4.run(SingleThreadEventExecutor.java:994)
	at io.netty.util.internal.ThreadExecutorMap$2.run(ThreadExecutorMap.java:74)
	at io.netty.util.concurrent.FastThreadLocalRunnable.run(FastThreadLocalRunnable.java:30)
	at java.base/java.lang.Thread.run(Thread.java:1583)
2026-07-29 02:30:17.044 ERROR [ApiDriftScheduler_Worker-2] c.e.a.service.IngestionOrchestrator : Pipeline failed for vendor Petstore: Connection reset
org.springframework.web.reactive.function.client.WebClientRequestException: Connection reset
	at org.springframework.web.reactive.function.client.ExchangeFunctions$DefaultExchangeFunction.lambda$wrapException$9(ExchangeFunctions.java:136)
	Suppressed: reactor.core.publisher.FluxOnAssembly$OnAssemblyException: 
Error has been observed at the following site(s):
	*__checkpoint ⇢ Request to GET https://petstore3.swagger.io/api/v3/openapi.json [DefaultWebClient]
Original Stack Trace:
		at org.springframework.web.reactive.function.client.ExchangeFunctions$DefaultExchangeFunction.lambda$wrapException$9(ExchangeFunctions.java:136)
		at reactor.core.publisher.MonoErrorSupplied.subscribe(MonoErrorSupplied.java:55)
		at reactor.core.publisher.Mono.subscribe(Mono.java:4568)
		at reactor.core.publisher.FluxOnErrorResume$ResumeSubscriber.onError(FluxOnErrorResume.java:103)
		at reactor.core.publisher.FluxPeek$PeekSubscriber.onError(FluxPeek.java:222)
		at reactor.core.publisher.FluxPeek$PeekSubscriber.onError(FluxPeek.java:222)
		at reactor.core.publisher.FluxPeek$PeekSubscriber.onError(FluxPeek.java:222)
		at reactor.core.publisher.MonoNext$NextSubscriber.onError(MonoNext.java:93)
		at reactor.core.publisher.MonoFlatMapMany$FlatMapManyMain.onError(MonoFlatMapMany.java:205)
		at reactor.core.publisher.SerializedSubscriber.onError(SerializedSubscriber.java:124)
		at reactor.core.publisher.FluxRetryWhen$RetryWhenMainSubscriber.whenError(FluxRetryWhen.java:229)
		at reactor.core.publisher.FluxRetryWhen$RetryWhenOtherSubscriber.onError(FluxRetryWhen.java:279)
		at reactor.core.publisher.FluxContextWrite$ContextWriteSubscriber.onError(FluxContextWrite.java:121)
		at reactor.core.publisher.FluxConcatMapNoPrefetch$FluxConcatMapNoPrefetchSubscriber.maybeOnError(FluxConcatMapNoPrefetch.java:327)
		at reactor.core.publisher.FluxConcatMapNoPrefetch$FluxConcatMapNoPrefetchSubscriber.onNext(FluxConcatMapNoPrefetch.java:212)
		at reactor.core.publisher.FluxContextWrite$ContextWriteSubscriber.onNext(FluxContextWrite.java:107)
		at reactor.core.publisher.SinkManyEmitterProcessor.drain(SinkManyEmitterProcessor.java:476)
		at reactor.core.publisher.SinkManyEmitterProcessor$EmitterInner.drainParent(SinkManyEmitterProcessor.java:620)
		at reactor.core.publisher.FluxPublish$PubSubInner.request(FluxPublish.java:874)
		at reactor.core.publisher.FluxContextWrite$ContextWriteSubscriber.request(FluxContextWrite.java:136)
		at reactor.core.publisher.FluxConcatMapNoPrefetch$FluxConcatMapNoPrefetchSubscriber.request(FluxConcatMapNoPrefetch.java:337)
		at reactor.core.publisher.FluxContextWrite$ContextWriteSubscriber.request(FluxContextWrite.java:136)
		at reactor.core.publisher.Operators$DeferredSubscription.request(Operators.java:1743)
		at reactor.core.publisher.FluxRetryWhen$RetryWhenMainSubscriber.onError(FluxRetryWhen.java:196)
		at reactor.core.publisher.MonoCreate$DefaultMonoSink.error(MonoCreate.java:205)
		at reactor.netty.http.client.HttpClientConnect$HttpObserver.onUncaughtException(HttpClientConnect.java:403)
		at reactor.netty.ReactorNetty$CompositeConnectionObserver.onUncaughtException(ReactorNetty.java:703)
		at reactor.netty.resources.DefaultPooledConnectionProvider$DisposableAcquire.onUncaughtException(DefaultPooledConnectionProvider.java:223)
		at reactor.netty.resources.DefaultPooledConnectionProvider$PooledConnection.onUncaughtException(DefaultPooledConnectionProvider.java:476)
		at reactor.netty.channel.FluxReceive.drainReceiver(FluxReceive.java:247)
		at reactor.netty.channel.FluxReceive.onInboundError(FluxReceive.java:468)
		at reactor.netty.channel.ChannelOperations.onInboundError(ChannelOperations.java:515)
		at reactor.netty.channel.ChannelOperationsHandler.exceptionCaught(ChannelOperationsHandler.java:145)
		at io.netty.channel.AbstractChannelHandlerContext.invokeExceptionCaught(AbstractChannelHandlerContext.java:346)
		at io.netty.channel.AbstractChannelHandlerContext.invokeExceptionCaught(AbstractChannelHandlerContext.java:325)
		at io.netty.channel.AbstractChannelHandlerContext.fireExceptionCaught(AbstractChannelHandlerContext.java:317)
		at io.netty.channel.CombinedChannelDuplexHandler$DelegatingChannelHandlerContext.fireExceptionCaught(CombinedChannelDuplexHandler.java:424)
		at io.netty.channel.ChannelHandlerAdapter.exceptionCaught(ChannelHandlerAdapter.java:92)
		at io.netty.channel.CombinedChannelDuplexHandler$1.fireExceptionCaught(CombinedChannelDuplexHandler.java:145)
		at io.netty.channel.ChannelInboundHandlerAdapter.exceptionCaught(ChannelInboundHandlerAdapter.java:143)
		at io.netty.channel.CombinedChannelDuplexHandler.exceptionCaught(CombinedChannelDuplexHandler.java:231)
		at io.netty.channel.AbstractChannelHandlerContext.invokeExceptionCaught(AbstractChannelHandlerContext.java:346)
		at io.netty.channel.AbstractChannelHandlerContext.invokeExceptionCaught(AbstractChannelHandlerContext.java:325)
		at io.netty.channel.AbstractChannelHandlerContext.fireExceptionCaught(AbstractChannelHandlerContext.java:317)
		at io.netty.handler.ssl.SslHandler.exceptionCaught(SslHandler.java:1204)
		at io.netty.channel.AbstractChannelHandlerContext.invokeExceptionCaught(AbstractChannelHandlerContext.java:346)
		at io.netty.channel.AbstractChannelHandlerContext.invokeExceptionCaught(AbstractChannelHandlerContext.java:325)
		at io.netty.channel.AbstractChannelHandlerContext.fireExceptionCaught(AbstractChannelHandlerContext.java:317)
		at io.netty.channel.DefaultChannelPipeline$HeadContext.exceptionCaught(DefaultChannelPipeline.java:1374)
		at io.netty.channel.AbstractChannelHandlerContext.invokeExceptionCaught(AbstractChannelHandlerContext.java:346)
		at io.netty.channel.AbstractChannelHandlerContext.invokeExceptionCaught(AbstractChannelHandlerContext.java:325)
		at io.netty.channel.DefaultChannelPipeline.fireExceptionCaught(DefaultChannelPipeline.java:906)
		at io.netty.channel.nio.AbstractNioByteChannel$NioByteUnsafe.handleReadException(AbstractNioByteChannel.java:125)
		at io.netty.channel.nio.AbstractNioByteChannel$NioByteUnsafe.read(AbstractNioByteChannel.java:177)
		at io.netty.channel.nio.NioEventLoop.processSelectedKey(NioEventLoop.java:788)
		at io.netty.channel.nio.NioEventLoop.processSelectedKeysOptimized(NioEventLoop.java:724)
		at io.netty.channel.nio.NioEventLoop.processSelectedKeys(NioEventLoop.java:650)
		at io.netty.channel.nio.NioEventLoop.run(NioEventLoop.java:562)
		at io.netty.util.concurrent.SingleThreadEventExecutor$4.run(SingleThreadEventExecutor.java:994)
		at io.netty.util.internal.ThreadExecutorMap$2.run(ThreadExecutorMap.java:74)
		at io.netty.util.concurrent.FastThreadLocalRunnable.run(FastThreadLocalRunnable.java:30)
		at java.base/java.lang.Thread.run(Thread.java:1583)
	Suppressed: java.lang.Exception: #block terminated with an error
		at reactor.core.publisher.BlockingSingleSubscriber.blockingGet(BlockingSingleSubscriber.java:104)
		at reactor.core.publisher.Mono.block(Mono.java:1779)
		at com.enterprise.apidrift.engine.EgressFetchService.fetchSpec(EgressFetchService.java:60)
		at com.enterprise.apidrift.service.IngestionOrchestrator.runPipeline(IngestionOrchestrator.java:67)
		at com.enterprise.apidrift.service.IngestionOrchestrator.runForAllActiveVendors(IngestionOrchestrator.java:50)
		at java.base/jdk.internal.reflect.DirectMethodHandleAccessor.invoke(DirectMethodHandleAccessor.java:103)
		at java.base/java.lang.reflect.Method.invoke(Method.java:580)
		at org.springframework.aop.support.AopUtils.invokeJoinpointUsingReflection(AopUtils.java:354)
		at org.springframework.aop.framework.CglibAopProxy$DynamicAdvisedInterceptor.intercept(CglibAopProxy.java:716)
		at com.enterprise.apidrift.service.IngestionOrchestrator$$SpringCGLIB$$0.runForAllActiveVendors(<generated>)
		at com.enterprise.apidrift.config.SpecPollingJob.executeInternal(SpecPollingJob.java:30)
		at org.springframework.scheduling.quartz.QuartzJobBean.execute(QuartzJobBean.java:75)
		at org.quartz.core.JobRunShell.run(JobRunShell.java:202)
		at org.quartz.simpl.SimpleThreadPool$WorkerThread.run(SimpleThreadPool.java:573)
Caused by: java.net.SocketException: Connection reset
	at java.base/sun.nio.ch.SocketChannelImpl.throwConnectionReset(SocketChannelImpl.java:401)
	at java.base/sun.nio.ch.SocketChannelImpl.read(SocketChannelImpl.java:434)
	at io.netty.buffer.PooledByteBuf.setBytes(PooledByteBuf.java:255)
	at io.netty.buffer.AbstractByteBuf.writeBytes(AbstractByteBuf.java:1132)
	at io.netty.channel.socket.nio.NioSocketChannel.doReadBytes(NioSocketChannel.java:356)
	at io.netty.channel.nio.AbstractNioByteChannel$NioByteUnsafe.read(AbstractNioByteChannel.java:151)
	at io.netty.channel.nio.NioEventLoop.processSelectedKey(NioEventLoop.java:788)
	at io.netty.channel.nio.NioEventLoop.processSelectedKeysOptimized(NioEventLoop.java:724)
	at io.netty.channel.nio.NioEventLoop.processSelectedKeys(NioEventLoop.java:650)
	at io.netty.channel.nio.NioEventLoop.run(NioEventLoop.java:562)
	at io.netty.util.concurrent.SingleThreadEventExecutor$4.run(SingleThreadEventExecutor.java:994)
	at io.netty.util.internal.ThreadExecutorMap$2.run(ThreadExecutorMap.java:74)
	at io.netty.util.concurrent.FastThreadLocalRunnable.run(FastThreadLocalRunnable.java:30)
	at java.base/java.lang.Thread.run(Thread.java:1583)
2026-07-29 02:42:23.473 WARN  [HikariPool-1 housekeeper] com.zaxxer.hikari.pool.HikariPool : HikariPool-1 - Thread starvation or clock leap detected (housekeeper delta=1h20m17s556ms).
2026-07-29 03:50:15.060 WARN  [HikariPool-1 housekeeper] com.zaxxer.hikari.pool.HikariPool : HikariPool-1 - Thread starvation or clock leap detected (housekeeper delta=1h7m11s971ms).
2026-07-29 04:05:36.492 INFO  [ApiDriftScheduler_Worker-3] c.e.apidrift.config.SpecPollingJob : SpecPollingJob triggered at Wed Jul 29 04:05:36 IST 2026
2026-07-29 04:05:36.508 INFO  [ApiDriftScheduler_Worker-3] c.e.a.service.IngestionOrchestrator : Starting ingestion pipeline for 1 active vendors
2026-07-29 04:05:36.508 INFO  [ApiDriftScheduler_Worker-3] c.e.a.service.IngestionOrchestrator : === Starting pipeline for vendor: Petstore ===
2026-07-29 04:05:36.721 DEBUG [ApiDriftScheduler_Worker-3] c.e.a.engine.EgressFetchService : SSRF validation passed for petstore3.swagger.io -> 54.243.102.73
2026-07-29 04:05:38.065 INFO  [ApiDriftScheduler_Worker-3] c.e.a.engine.EgressFetchService : Successfully fetched spec from https://petstore3.swagger.io/api/v3/openapi.json (17106 bytes)
2026-07-29 04:05:38.071 INFO  [ApiDriftScheduler_Worker-3] c.e.a.service.IngestionOrchestrator : NO_CHANGE_DETECTED for vendor Petstore (hash: 00441c05add60f28da55eb4563d3fb6bbda364ba8eb7b381e2e2c98613005c82)
2026-07-29 05:06:38.172 WARN  [HikariPool-1 housekeeper] com.zaxxer.hikari.pool.HikariPool : HikariPool-1 - Thread starvation or clock leap detected (housekeeper delta=1h16m23s112ms).
2026-07-29 05:23:17.097 INFO  [ApiDriftScheduler_Worker-4] c.e.apidrift.config.SpecPollingJob : SpecPollingJob triggered at Wed Jul 29 05:23:17 IST 2026
2026-07-29 05:23:17.102 INFO  [ApiDriftScheduler_Worker-4] c.e.a.service.IngestionOrchestrator : Starting ingestion pipeline for 1 active vendors
2026-07-29 05:23:17.102 INFO  [ApiDriftScheduler_Worker-4] c.e.a.service.IngestionOrchestrator : === Starting pipeline for vendor: Petstore ===
2026-07-29 05:23:17.102 DEBUG [ApiDriftScheduler_Worker-4] c.e.a.engine.EgressFetchService : SSRF validation passed for petstore3.swagger.io -> 54.243.102.73
2026-07-29 05:23:18.795 INFO  [ApiDriftScheduler_Worker-4] c.e.a.engine.EgressFetchService : Successfully fetched spec from https://petstore3.swagger.io/api/v3/openapi.json (17106 bytes)
2026-07-29 05:23:18.798 INFO  [ApiDriftScheduler_Worker-4] c.e.a.service.IngestionOrchestrator : NO_CHANGE_DETECTED for vendor Petstore (hash: 00441c05add60f28da55eb4563d3fb6bbda364ba8eb7b381e2e2c98613005c82)
2026-07-29 06:24:05.843 WARN  [HikariPool-1 housekeeper] com.zaxxer.hikari.pool.HikariPool : HikariPool-1 - Thread starvation or clock leap detected (housekeeper delta=1h17m27s672ms).
2026-07-29 06:40:57.529 INFO  [ApiDriftScheduler_Worker-1] c.e.apidrift.config.SpecPollingJob : SpecPollingJob triggered at Wed Jul 29 06:40:57 IST 2026
2026-07-29 06:40:57.533 INFO  [ApiDriftScheduler_Worker-1] c.e.a.service.IngestionOrchestrator : Starting ingestion pipeline for 1 active vendors
2026-07-29 06:40:57.533 INFO  [ApiDriftScheduler_Worker-1] c.e.a.service.IngestionOrchestrator : === Starting pipeline for vendor: Petstore ===
2026-07-29 06:40:57.748 DEBUG [ApiDriftScheduler_Worker-1] c.e.a.engine.EgressFetchService : SSRF validation passed for petstore3.swagger.io -> 18.234.12.64
2026-07-29 06:40:58.642 INFO  [ApiDriftScheduler_Worker-1] c.e.a.engine.EgressFetchService : Successfully fetched spec from https://petstore3.swagger.io/api/v3/openapi.json (17106 bytes)
2026-07-29 06:40:58.647 INFO  [ApiDriftScheduler_Worker-1] c.e.a.service.IngestionOrchestrator : NO_CHANGE_DETECTED for vendor Petstore (hash: 00441c05add60f28da55eb4563d3fb6bbda364ba8eb7b381e2e2c98613005c82)
2026-07-29 07:40:35.694 WARN  [HikariPool-1 housekeeper] com.zaxxer.hikari.pool.HikariPool : HikariPool-1 - Thread starvation or clock leap detected (housekeeper delta=1h16m29s850ms).
2026-07-29 07:40:36.552 INFO  [ApiDriftScheduler_Worker-2] c.e.apidrift.config.SpecPollingJob : SpecPollingJob triggered at Wed Jul 29 07:40:36 IST 2026
2026-07-29 07:40:36.563 INFO  [ApiDriftScheduler_Worker-2] c.e.a.service.IngestionOrchestrator : Starting ingestion pipeline for 1 active vendors
2026-07-29 07:40:36.563 INFO  [ApiDriftScheduler_Worker-2] c.e.a.service.IngestionOrchestrator : === Starting pipeline for vendor: Petstore ===
2026-07-29 07:40:36.563 DEBUG [ApiDriftScheduler_Worker-2] c.e.a.engine.EgressFetchService : SSRF validation passed for petstore3.swagger.io -> 18.234.12.64
2026-07-29 07:40:36.781 WARN  [reactor-http-nio-2] r.n.http.client.HttpClientConnect : [99fc46a2-2, L:/192.168.1.20:51225 - R:petstore3.swagger.io/54.243.102.73:443] The connection observed an error
java.net.SocketException: Connection reset
	at java.base/sun.nio.ch.SocketChannelImpl.throwConnectionReset(SocketChannelImpl.java:401)
	at java.base/sun.nio.ch.SocketChannelImpl.read(SocketChannelImpl.java:434)
	at io.netty.buffer.PooledByteBuf.setBytes(PooledByteBuf.java:255)
	at io.netty.buffer.AbstractByteBuf.writeBytes(AbstractByteBuf.java:1132)
	at io.netty.channel.socket.nio.NioSocketChannel.doReadBytes(NioSocketChannel.java:356)
	at io.netty.channel.nio.AbstractNioByteChannel$NioByteUnsafe.read(AbstractNioByteChannel.java:151)
	at io.netty.channel.nio.NioEventLoop.processSelectedKey(NioEventLoop.java:788)
	at io.netty.channel.nio.NioEventLoop.processSelectedKeysOptimized(NioEventLoop.java:724)
	at io.netty.channel.nio.NioEventLoop.processSelectedKeys(NioEventLoop.java:650)
	at io.netty.channel.nio.NioEventLoop.run(NioEventLoop.java:562)
	at io.netty.util.concurrent.SingleThreadEventExecutor$4.run(SingleThreadEventExecutor.java:994)
	at io.netty.util.internal.ThreadExecutorMap$2.run(ThreadExecutorMap.java:74)
	at io.netty.util.concurrent.FastThreadLocalRunnable.run(FastThreadLocalRunnable.java:30)
	at java.base/java.lang.Thread.run(Thread.java:1583)
2026-07-29 07:40:36.784 ERROR [ApiDriftScheduler_Worker-2] c.e.a.service.IngestionOrchestrator : Pipeline failed for vendor Petstore: Connection reset
org.springframework.web.reactive.function.client.WebClientRequestException: Connection reset
	at org.springframework.web.reactive.function.client.ExchangeFunctions$DefaultExchangeFunction.lambda$wrapException$9(ExchangeFunctions.java:136)
	Suppressed: reactor.core.publisher.FluxOnAssembly$OnAssemblyException: 
Error has been observed at the following site(s):
	*__checkpoint ⇢ Request to GET https://petstore3.swagger.io/api/v3/openapi.json [DefaultWebClient]
Original Stack Trace:
		at org.springframework.web.reactive.function.client.ExchangeFunctions$DefaultExchangeFunction.lambda$wrapException$9(ExchangeFunctions.java:136)
		at reactor.core.publisher.MonoErrorSupplied.subscribe(MonoErrorSupplied.java:55)
		at reactor.core.publisher.Mono.subscribe(Mono.java:4568)
		at reactor.core.publisher.FluxOnErrorResume$ResumeSubscriber.onError(FluxOnErrorResume.java:103)
		at reactor.core.publisher.FluxPeek$PeekSubscriber.onError(FluxPeek.java:222)
		at reactor.core.publisher.FluxPeek$PeekSubscriber.onError(FluxPeek.java:222)
		at reactor.core.publisher.FluxPeek$PeekSubscriber.onError(FluxPeek.java:222)
		at reactor.core.publisher.MonoNext$NextSubscriber.onError(MonoNext.java:93)
		at reactor.core.publisher.MonoFlatMapMany$FlatMapManyMain.onError(MonoFlatMapMany.java:205)
		at reactor.core.publisher.SerializedSubscriber.onError(SerializedSubscriber.java:124)
		at reactor.core.publisher.FluxRetryWhen$RetryWhenMainSubscriber.whenError(FluxRetryWhen.java:229)
		at reactor.core.publisher.FluxRetryWhen$RetryWhenOtherSubscriber.onError(FluxRetryWhen.java:279)
		at reactor.core.publisher.FluxContextWrite$ContextWriteSubscriber.onError(FluxContextWrite.java:121)
		at reactor.core.publisher.FluxConcatMapNoPrefetch$FluxConcatMapNoPrefetchSubscriber.maybeOnError(FluxConcatMapNoPrefetch.java:327)
		at reactor.core.publisher.FluxConcatMapNoPrefetch$FluxConcatMapNoPrefetchSubscriber.onNext(FluxConcatMapNoPrefetch.java:212)
		at reactor.core.publisher.FluxContextWrite$ContextWriteSubscriber.onNext(FluxContextWrite.java:107)
		at reactor.core.publisher.SinkManyEmitterProcessor.drain(SinkManyEmitterProcessor.java:476)
		at reactor.core.publisher.SinkManyEmitterProcessor$EmitterInner.drainParent(SinkManyEmitterProcessor.java:620)
		at reactor.core.publisher.FluxPublish$PubSubInner.request(FluxPublish.java:874)
		at reactor.core.publisher.FluxContextWrite$ContextWriteSubscriber.request(FluxContextWrite.java:136)
		at reactor.core.publisher.FluxConcatMapNoPrefetch$FluxConcatMapNoPrefetchSubscriber.request(FluxConcatMapNoPrefetch.java:337)
		at reactor.core.publisher.FluxContextWrite$ContextWriteSubscriber.request(FluxContextWrite.java:136)
		at reactor.core.publisher.Operators$DeferredSubscription.request(Operators.java:1743)
		at reactor.core.publisher.FluxRetryWhen$RetryWhenMainSubscriber.onError(FluxRetryWhen.java:196)
		at reactor.core.publisher.MonoCreate$DefaultMonoSink.error(MonoCreate.java:205)
		at reactor.netty.http.client.HttpClientConnect$HttpObserver.onUncaughtException(HttpClientConnect.java:403)
		at reactor.netty.ReactorNetty$CompositeConnectionObserver.onUncaughtException(ReactorNetty.java:703)
		at reactor.netty.resources.DefaultPooledConnectionProvider$DisposableAcquire.onUncaughtException(DefaultPooledConnectionProvider.java:223)
		at reactor.netty.resources.DefaultPooledConnectionProvider$PooledConnection.onUncaughtException(DefaultPooledConnectionProvider.java:476)
		at reactor.netty.channel.FluxReceive.drainReceiver(FluxReceive.java:247)
		at reactor.netty.channel.FluxReceive.onInboundError(FluxReceive.java:468)
		at reactor.netty.channel.ChannelOperations.onInboundError(ChannelOperations.java:515)
		at reactor.netty.channel.ChannelOperationsHandler.exceptionCaught(ChannelOperationsHandler.java:145)
		at io.netty.channel.AbstractChannelHandlerContext.invokeExceptionCaught(AbstractChannelHandlerContext.java:346)
		at io.netty.channel.AbstractChannelHandlerContext.invokeExceptionCaught(AbstractChannelHandlerContext.java:325)
		at io.netty.channel.AbstractChannelHandlerContext.fireExceptionCaught(AbstractChannelHandlerContext.java:317)
		at io.netty.channel.CombinedChannelDuplexHandler$DelegatingChannelHandlerContext.fireExceptionCaught(CombinedChannelDuplexHandler.java:424)
		at io.netty.channel.ChannelHandlerAdapter.exceptionCaught(ChannelHandlerAdapter.java:92)
		at io.netty.channel.CombinedChannelDuplexHandler$1.fireExceptionCaught(CombinedChannelDuplexHandler.java:145)
		at io.netty.channel.ChannelInboundHandlerAdapter.exceptionCaught(ChannelInboundHandlerAdapter.java:143)
		at io.netty.channel.CombinedChannelDuplexHandler.exceptionCaught(CombinedChannelDuplexHandler.java:231)
		at io.netty.channel.AbstractChannelHandlerContext.invokeExceptionCaught(AbstractChannelHandlerContext.java:346)
		at io.netty.channel.AbstractChannelHandlerContext.invokeExceptionCaught(AbstractChannelHandlerContext.java:325)
		at io.netty.channel.AbstractChannelHandlerContext.fireExceptionCaught(AbstractChannelHandlerContext.java:317)
		at io.netty.handler.ssl.SslHandler.exceptionCaught(SslHandler.java:1204)
		at io.netty.channel.AbstractChannelHandlerContext.invokeExceptionCaught(AbstractChannelHandlerContext.java:346)
		at io.netty.channel.AbstractChannelHandlerContext.invokeExceptionCaught(AbstractChannelHandlerContext.java:325)
		at io.netty.channel.AbstractChannelHandlerContext.fireExceptionCaught(AbstractChannelHandlerContext.java:317)
		at io.netty.channel.DefaultChannelPipeline$HeadContext.exceptionCaught(DefaultChannelPipeline.java:1374)
		at io.netty.channel.AbstractChannelHandlerContext.invokeExceptionCaught(AbstractChannelHandlerContext.java:346)
		at io.netty.channel.AbstractChannelHandlerContext.invokeExceptionCaught(AbstractChannelHandlerContext.java:325)
		at io.netty.channel.DefaultChannelPipeline.fireExceptionCaught(DefaultChannelPipeline.java:906)
		at io.netty.channel.nio.AbstractNioByteChannel$NioByteUnsafe.handleReadException(AbstractNioByteChannel.java:125)
		at io.netty.channel.nio.AbstractNioByteChannel$NioByteUnsafe.read(AbstractNioByteChannel.java:177)
		at io.netty.channel.nio.NioEventLoop.processSelectedKey(NioEventLoop.java:788)
		at io.netty.channel.nio.NioEventLoop.processSelectedKeysOptimized(NioEventLoop.java:724)
		at io.netty.channel.nio.NioEventLoop.processSelectedKeys(NioEventLoop.java:650)
		at io.netty.channel.nio.NioEventLoop.run(NioEventLoop.java:562)
		at io.netty.util.concurrent.SingleThreadEventExecutor$4.run(SingleThreadEventExecutor.java:994)
		at io.netty.util.internal.ThreadExecutorMap$2.run(ThreadExecutorMap.java:74)
		at io.netty.util.concurrent.FastThreadLocalRunnable.run(FastThreadLocalRunnable.java:30)
		at java.base/java.lang.Thread.run(Thread.java:1583)
	Suppressed: java.lang.Exception: #block terminated with an error
		at reactor.core.publisher.BlockingSingleSubscriber.blockingGet(BlockingSingleSubscriber.java:104)
		at reactor.core.publisher.Mono.block(Mono.java:1779)
		at com.enterprise.apidrift.engine.EgressFetchService.fetchSpec(EgressFetchService.java:60)
		at com.enterprise.apidrift.service.IngestionOrchestrator.runPipeline(IngestionOrchestrator.java:67)
		at com.enterprise.apidrift.service.IngestionOrchestrator.runForAllActiveVendors(IngestionOrchestrator.java:50)
		at java.base/jdk.internal.reflect.DirectMethodHandleAccessor.invoke(DirectMethodHandleAccessor.java:103)
		at java.base/java.lang.reflect.Method.invoke(Method.java:580)
		at org.springframework.aop.support.AopUtils.invokeJoinpointUsingReflection(AopUtils.java:354)
		at org.springframework.aop.framework.CglibAopProxy$DynamicAdvisedInterceptor.intercept(CglibAopProxy.java:716)
		at com.enterprise.apidrift.service.IngestionOrchestrator$$SpringCGLIB$$0.runForAllActiveVendors(<generated>)
		at com.enterprise.apidrift.config.SpecPollingJob.executeInternal(SpecPollingJob.java:30)
		at org.springframework.scheduling.quartz.QuartzJobBean.execute(QuartzJobBean.java:75)
		at org.quartz.core.JobRunShell.run(JobRunShell.java:202)
		at org.quartz.simpl.SimpleThreadPool$WorkerThread.run(SimpleThreadPool.java:573)
Caused by: java.net.SocketException: Connection reset
	at java.base/sun.nio.ch.SocketChannelImpl.throwConnectionReset(SocketChannelImpl.java:401)
	at java.base/sun.nio.ch.SocketChannelImpl.read(SocketChannelImpl.java:434)
	at io.netty.buffer.PooledByteBuf.setBytes(PooledByteBuf.java:255)
	at io.netty.buffer.AbstractByteBuf.writeBytes(AbstractByteBuf.java:1132)
	at io.netty.channel.socket.nio.NioSocketChannel.doReadBytes(NioSocketChannel.java:356)
	at io.netty.channel.nio.AbstractNioByteChannel$NioByteUnsafe.read(AbstractNioByteChannel.java:151)
	at io.netty.channel.nio.NioEventLoop.processSelectedKey(NioEventLoop.java:788)
	at io.netty.channel.nio.NioEventLoop.processSelectedKeysOptimized(NioEventLoop.java:724)
	at io.netty.channel.nio.NioEventLoop.processSelectedKeys(NioEventLoop.java:650)
	at io.netty.channel.nio.NioEventLoop.run(NioEventLoop.java:562)
	at io.netty.util.concurrent.SingleThreadEventExecutor$4.run(SingleThreadEventExecutor.java:994)
	at io.netty.util.internal.ThreadExecutorMap$2.run(ThreadExecutorMap.java:74)
	at io.netty.util.concurrent.FastThreadLocalRunnable.run(FastThreadLocalRunnable.java:30)
	at java.base/java.lang.Thread.run(Thread.java:1583)
2026-07-29 08:28:44.814 INFO  [ApiDriftScheduler_Worker-3] c.e.apidrift.config.SpecPollingJob : SpecPollingJob triggered at Wed Jul 29 08:28:44 IST 2026
2026-07-29 08:28:44.820 INFO  [ApiDriftScheduler_Worker-3] c.e.a.service.IngestionOrchestrator : Starting ingestion pipeline for 1 active vendors
2026-07-29 08:28:44.820 INFO  [ApiDriftScheduler_Worker-3] c.e.a.service.IngestionOrchestrator : === Starting pipeline for vendor: Petstore ===
2026-07-29 08:28:45.109 DEBUG [ApiDriftScheduler_Worker-3] c.e.a.engine.EgressFetchService : SSRF validation passed for petstore3.swagger.io -> 18.234.12.64
2026-07-29 08:28:46.311 INFO  [ApiDriftScheduler_Worker-3] c.e.a.engine.EgressFetchService : Successfully fetched spec from https://petstore3.swagger.io/api/v3/openapi.json (17106 bytes)
2026-07-29 08:28:46.317 INFO  [ApiDriftScheduler_Worker-3] c.e.a.service.IngestionOrchestrator : NO_CHANGE_DETECTED for vendor Petstore (hash: 00441c05add60f28da55eb4563d3fb6bbda364ba8eb7b381e2e2c98613005c82)
2026-07-29 08:45:57.111 WARN  [HikariPool-1 housekeeper] com.zaxxer.hikari.pool.HikariPool : HikariPool-1 - Thread starvation or clock leap detected (housekeeper delta=1h5m21s418ms).
2026-07-29 09:27:16.168 INFO  [ApiDriftScheduler_Worker-4] c.e.apidrift.config.SpecPollingJob : SpecPollingJob triggered at Wed Jul 29 09:27:16 IST 2026
2026-07-29 09:27:16.172 INFO  [ApiDriftScheduler_Worker-4] c.e.a.service.IngestionOrchestrator : Starting ingestion pipeline for 1 active vendors
2026-07-29 09:27:16.172 INFO  [ApiDriftScheduler_Worker-4] c.e.a.service.IngestionOrchestrator : === Starting pipeline for vendor: Petstore ===
2026-07-29 09:27:16.172 DEBUG [ApiDriftScheduler_Worker-4] c.e.a.engine.EgressFetchService : SSRF validation passed for petstore3.swagger.io -> 18.234.12.64
2026-07-29 09:27:17.368 INFO  [ApiDriftScheduler_Worker-4] c.e.a.engine.EgressFetchService : Successfully fetched spec from https://petstore3.swagger.io/api/v3/openapi.json (17106 bytes)
2026-07-29 09:27:17.372 INFO  [ApiDriftScheduler_Worker-4] c.e.a.service.IngestionOrchestrator : NO_CHANGE_DETECTED for vendor Petstore (hash: 00441c05add60f28da55eb4563d3fb6bbda364ba8eb7b381e2e2c98613005c82)
2026-07-29 09:31:36.558 WARN  [HikariPool-1 housekeeper] com.zaxxer.hikari.pool.HikariPool : HikariPool-1 - Thread starvation or clock leap detected (housekeeper delta=45m39s447ms).
2026-07-29 09:39:41.795 WARN  [HikariPool-1 housekeeper] com.zaxxer.hikari.pool.HikariPool : HikariPool-1 - Thread starvation or clock leap detected (housekeeper delta=8m5s233ms).
2026-07-29 09:42:50.829 INFO  [main] c.e.apidrift.ApiDriftApplication : Starting ApiDriftApplication using Java 21.0.2 with PID 77304 (/Users/nishant/CODE/api-drift-engine/target/classes started by nishant in /Users/nishant/CODE/api-drift-engine)
2026-07-29 09:42:50.832 DEBUG [main] c.e.apidrift.ApiDriftApplication : Running with Spring Boot v3.3.0, Spring v6.1.8
2026-07-29 09:42:50.832 INFO  [main] c.e.apidrift.ApiDriftApplication : The following 1 profile is active: "h2"
2026-07-29 09:42:51.787 INFO  [main] o.a.coyote.http11.Http11NioProtocol : Initializing ProtocolHandler ["http-nio-8080"]
2026-07-29 09:42:51.789 INFO  [main] o.a.catalina.core.StandardService : Starting service [Tomcat]
2026-07-29 09:42:51.789 INFO  [main] o.a.catalina.core.StandardEngine : Starting Servlet engine: [Apache Tomcat/10.1.24]
2026-07-29 09:42:51.819 INFO  [main] o.a.c.c.C.[Tomcat].[localhost].[/] : Initializing Spring embedded WebApplicationContext
2026-07-29 09:42:52.309 WARN  [main] org.hibernate.orm.deprecation : HHH90000025: H2Dialect does not need to be specified explicitly using 'hibernate.dialect' (remove the property setting and it will be selected by default)
2026-07-29 09:42:53.307 INFO  [main] c.e.a.e.telemetry.TelemetryRegistry : Telemetry registry seeded with 2 vendors
2026-07-29 09:42:53.374 ERROR [main] i.n.r.d.DnsServerAddressStreamProviders : Unable to load io.netty.resolver.dns.macos.MacOSDnsServerAddressStreamProvider, fallback to system defaults. This may result in incorrect DNS resolutions on MacOS. Check whether you have a dependency on 'io.netty:netty-resolver-dns-native-macos'. Use DEBUG level to see the full stack: java.lang.UnsatisfiedLinkError: failed to load the required native library
2026-07-29 09:42:53.442 INFO  [main] c.e.a.service.EncryptionService : Encryption service initialized with AES-256-GCM
2026-07-29 09:42:53.539 WARN  [main] o.s.b.a.o.j.JpaBaseConfiguration$JpaWebConfiguration : spring.jpa.open-in-view is enabled by default. Therefore, database queries may be performed during view rendering. Explicitly configure spring.jpa.open-in-view to disable this warning
2026-07-29 09:42:54.055 INFO  [main] o.a.coyote.http11.Http11NioProtocol : Starting ProtocolHandler ["http-nio-8080"]
2026-07-29 09:42:54.076 INFO  [main] c.e.apidrift.ApiDriftApplication : Started ApiDriftApplication in 3.513 seconds (process running for 3.721)
2026-07-29 09:43:04.663 INFO  [http-nio-8080-exec-1] o.a.c.c.C.[Tomcat].[localhost].[/] : Initializing Spring DispatcherServlet 'dispatcherServlet'
2026-07-29 09:43:04.663 INFO  [http-nio-8080-exec-1] o.s.web.servlet.DispatcherServlet : Initializing Servlet 'dispatcherServlet'
2026-07-29 09:43:04.663 DEBUG [http-nio-8080-exec-1] o.s.web.servlet.DispatcherServlet : Detected StandardServletMultipartResolver
2026-07-29 09:43:04.663 DEBUG [http-nio-8080-exec-1] o.s.web.servlet.DispatcherServlet : Detected AcceptHeaderLocaleResolver
2026-07-29 09:43:04.663 DEBUG [http-nio-8080-exec-1] o.s.web.servlet.DispatcherServlet : Detected FixedThemeResolver
2026-07-29 09:43:04.666 DEBUG [http-nio-8080-exec-1] o.s.web.servlet.DispatcherServlet : Detected org.springframework.web.servlet.view.DefaultRequestToViewNameTranslator@8499717
2026-07-29 09:43:04.667 DEBUG [http-nio-8080-exec-1] o.s.web.servlet.DispatcherServlet : Detected org.springframework.web.servlet.support.SessionFlashMapManager@26838837
2026-07-29 09:43:04.667 DEBUG [http-nio-8080-exec-1] o.s.web.servlet.DispatcherServlet : enableLoggingRequestDetails='false': request parameters and headers will be masked to prevent unsafe logging of potentially sensitive data
2026-07-29 09:43:04.667 INFO  [http-nio-8080-exec-1] o.s.web.servlet.DispatcherServlet : Completed initialization in 4 ms
2026-07-29 09:43:04.694 DEBUG [http-nio-8080-exec-1] o.s.web.servlet.DispatcherServlet : GET "/actuator/health", parameters={}
2026-07-29 09:43:04.745 DEBUG [http-nio-8080-exec-1] o.s.web.servlet.DispatcherServlet : Completed 200 OK
2026-07-29 10:25:33.167 INFO  [ApiDriftScheduler_Worker-1] c.e.apidrift.config.SpecPollingJob : SpecPollingJob triggered at Wed Jul 29 10:25:33 IST 2026
2026-07-29 10:25:33.311 INFO  [ApiDriftScheduler_Worker-1] c.e.a.service.IngestionOrchestrator : Starting ingestion pipeline for 0 active vendors
2026-07-29 10:32:55.574 WARN  [HikariPool-1 housekeeper] com.zaxxer.hikari.pool.HikariPool : HikariPool-1 - Thread starvation or clock leap detected (housekeeper delta=48m33s176ms).
2026-07-29 10:42:48.275 WARN  [HikariPool-1 housekeeper] com.zaxxer.hikari.pool.HikariPool : HikariPool-1 - Thread starvation or clock leap detected (housekeeper delta=9m52s700ms).
2026-07-29 11:05:37.749 WARN  [HikariPool-1 housekeeper] com.zaxxer.hikari.pool.HikariPool : HikariPool-1 - Thread starvation or clock leap detected (housekeeper delta=22m49s476ms).
2026-07-29 11:10:41.954 INFO  [ApiDriftScheduler_Worker-2] c.e.apidrift.config.SpecPollingJob : SpecPollingJob triggered at Wed Jul 29 11:10:41 IST 2026
2026-07-29 11:10:41.976 INFO  [ApiDriftScheduler_Worker-2] c.e.a.service.IngestionOrchestrator : Starting ingestion pipeline for 0 active vendors
2026-07-29 11:24:21.458 WARN  [HikariPool-1 housekeeper] com.zaxxer.hikari.pool.HikariPool : HikariPool-1 - Thread starvation or clock leap detected (housekeeper delta=18m43s708ms).
2026-07-29 11:45:34.692 WARN  [HikariPool-1 housekeeper] com.zaxxer.hikari.pool.HikariPool : HikariPool-1 - Thread starvation or clock leap detected (housekeeper delta=21m13s234ms).
2026-07-29 12:25:46.600 WARN  [HikariPool-1 housekeeper] com.zaxxer.hikari.pool.HikariPool : HikariPool-1 - Thread starvation or clock leap detected (housekeeper delta=39m34s951ms).
2026-07-29 12:25:47.825 INFO  [ApiDriftScheduler_Worker-3] c.e.apidrift.config.SpecPollingJob : SpecPollingJob triggered at Wed Jul 29 12:25:47 IST 2026
2026-07-29 12:25:47.839 INFO  [ApiDriftScheduler_Worker-3] c.e.a.service.IngestionOrchestrator : Starting ingestion pipeline for 0 active vendors
2026-07-29 12:46:25.234 WARN  [HikariPool-1 housekeeper] com.zaxxer.hikari.pool.HikariPool : HikariPool-1 - Thread starvation or clock leap detected (housekeeper delta=20m38s635ms).
2026-07-29 13:47:21.549 INFO  [ApiDriftScheduler_Worker-4] c.e.apidrift.config.SpecPollingJob : SpecPollingJob triggered at Wed Jul 29 13:47:21 IST 2026
2026-07-29 13:47:21.558 INFO  [ApiDriftScheduler_Worker-4] c.e.a.service.IngestionOrchestrator : Starting ingestion pipeline for 0 active vendors
2026-07-29 13:47:23.721 WARN  [HikariPool-1 housekeeper] com.zaxxer.hikari.pool.HikariPool : HikariPool-1 - Thread starvation or clock leap detected (housekeeper delta=1h58s487ms).
2026-07-29 14:07:13.732 INFO  [ApiDriftScheduler_Worker-1] c.e.apidrift.config.SpecPollingJob : SpecPollingJob triggered at Wed Jul 29 14:07:13 IST 2026
2026-07-29 14:07:13.737 INFO  [ApiDriftScheduler_Worker-1] c.e.a.service.IngestionOrchestrator : Starting ingestion pipeline for 0 active vendors
2026-07-29 14:07:19.571 WARN  [HikariPool-1 housekeeper] com.zaxxer.hikari.pool.HikariPool : HikariPool-1 - Thread starvation or clock leap detected (housekeeper delta=19m55s850ms).
2026-07-29 14:42:15.079 WARN  [HikariPool-1 housekeeper] com.zaxxer.hikari.pool.HikariPool : HikariPool-1 - Thread starvation or clock leap detected (housekeeper delta=34m55s507ms).
2026-07-29 15:02:52.401 WARN  [HikariPool-1 housekeeper] com.zaxxer.hikari.pool.HikariPool : HikariPool-1 - Thread starvation or clock leap detected (housekeeper delta=20m37s322ms).
2026-07-29 15:03:05.851 INFO  [ApiDriftScheduler_Worker-2] c.e.apidrift.config.SpecPollingJob : SpecPollingJob triggered at Wed Jul 29 15:03:05 IST 2026
2026-07-29 15:03:05.870 INFO  [ApiDriftScheduler_Worker-2] c.e.a.service.IngestionOrchestrator : Starting ingestion pipeline for 0 active vendors
2026-07-29 15:31:17.585 WARN  [HikariPool-1 housekeeper] com.zaxxer.hikari.pool.HikariPool : HikariPool-1 - Thread starvation or clock leap detected (housekeeper delta=28m25s185ms).
2026-07-29 15:32:34.344 WARN  [HikariPool-1 housekeeper] com.zaxxer.hikari.pool.HikariPool : HikariPool-1 - Thread starvation or clock leap detected (housekeeper delta=1m16s758ms).
2026-07-29 15:58:50.757 WARN  [HikariPool-1 housekeeper] com.zaxxer.hikari.pool.HikariPool : HikariPool-1 - Thread starvation or clock leap detected (housekeeper delta=26m16s412ms).
2026-07-29 16:29:03.220 INFO  [ApiDriftScheduler_Worker-3] c.e.apidrift.config.SpecPollingJob : SpecPollingJob triggered at Wed Jul 29 16:29:03 IST 2026
2026-07-29 16:29:03.234 INFO  [ApiDriftScheduler_Worker-3] c.e.a.service.IngestionOrchestrator : Starting ingestion pipeline for 0 active vendors
2026-07-29 16:45:40.756 WARN  [HikariPool-1 housekeeper] com.zaxxer.hikari.pool.HikariPool : HikariPool-1 - Thread starvation or clock leap detected (housekeeper delta=46m50s).
2026-07-29 17:33:13.355 INFO  [ApiDriftScheduler_Worker-4] c.e.apidrift.config.SpecPollingJob : SpecPollingJob triggered at Wed Jul 29 17:33:13 IST 2026
2026-07-29 17:33:13.360 INFO  [ApiDriftScheduler_Worker-4] c.e.a.service.IngestionOrchestrator : Starting ingestion pipeline for 0 active vendors
2026-07-29 17:41:30.457 WARN  [HikariPool-1 housekeeper] com.zaxxer.hikari.pool.HikariPool : HikariPool-1 - Thread starvation or clock leap detected (housekeeper delta=55m49s702ms).
2026-07-29 17:52:28.480 WARN  [HikariPool-1 housekeeper] com.zaxxer.hikari.pool.HikariPool : HikariPool-1 - Thread starvation or clock leap detected (housekeeper delta=10m58s22ms).
2026-07-29 18:12:16.569 INFO  [ApiDriftScheduler_Worker-1] c.e.apidrift.config.SpecPollingJob : SpecPollingJob triggered at Wed Jul 29 18:12:16 IST 2026
2026-07-29 18:12:16.585 INFO  [ApiDriftScheduler_Worker-1] c.e.a.service.IngestionOrchestrator : Starting ingestion pipeline for 0 active vendors
2026-07-29 18:12:25.735 WARN  [HikariPool-1 housekeeper] com.zaxxer.hikari.pool.HikariPool : HikariPool-1 - Thread starvation or clock leap detected (housekeeper delta=19m57s252ms).
2026-07-29 18:40:25.142 WARN  [HikariPool-1 housekeeper] com.zaxxer.hikari.pool.HikariPool : HikariPool-1 - Thread starvation or clock leap detected (housekeeper delta=15m29s154ms).
2026-07-29 18:45:45.139 DEBUG [http-nio-8080-exec-7] o.s.web.servlet.DispatcherServlet : GET "/actuator/health", parameters={}
2026-07-29 18:45:45.386 DEBUG [http-nio-8080-exec-7] o.s.web.servlet.DispatcherServlet : Completed 200 OK
2026-07-29 21:31:32.351 INFO  [main] c.e.a.ApiDriftApplicationTests : Starting ApiDriftApplicationTests using Java 21.0.2 with PID 84198 (started by nishant in /Users/nishant/CODE/api-drift-engine)
2026-07-29 21:31:32.352 DEBUG [main] c.e.a.ApiDriftApplicationTests : Running with Spring Boot v3.3.0, Spring v6.1.8
2026-07-29 21:31:32.353 INFO  [main] c.e.a.ApiDriftApplicationTests : The following 1 profile is active: "test"
2026-07-29 21:31:33.737 WARN  [main] org.hibernate.orm.deprecation : HHH90000025: H2Dialect does not need to be specified explicitly using 'hibernate.dialect' (remove the property setting and it will be selected by default)
2026-07-29 21:31:35.194 INFO  [main] c.e.a.e.telemetry.TelemetryRegistry : Seeding telemetry registry with mock data for development
2026-07-29 21:31:35.244 WARN  [main] o.h.e.jdbc.spi.SqlExceptionHelper : SQL Error: 23506, SQLState: 23506
2026-07-29 21:31:35.244 ERROR [main] o.h.e.jdbc.spi.SqlExceptionHelper : Referential integrity constraint violation: "FKH6THY0UIC57DK32T5458E0KH0: PUBLIC.SERVICE_DEPENDENCIES FOREIGN KEY(VENDOR_ID) REFERENCES PUBLIC.VENDOR_CONFIGS(ID) (CAST(1 AS BIGINT))"; SQL statement:
insert into service_dependencies (created_at,endpoint_path,http_method,json_pointer,service_name,vendor_id,id) values (?,?,?,?,?,?,default) [23506-224]
2026-07-29 21:31:35.249 WARN  [main] o.s.w.c.s.GenericWebApplicationContext : Exception encountered during context initialization - cancelling refresh attempt: org.springframework.beans.factory.UnsatisfiedDependencyException: Error creating bean with name 'specPollingJob' defined in file [/Users/nishant/CODE/api-drift-engine/target/classes/com/enterprise/apidrift/config/SpecPollingJob.class]: Unsatisfied dependency expressed through constructor parameter 0: Error creating bean with name 'ingestionOrchestrator' defined in file [/Users/nishant/CODE/api-drift-engine/target/classes/com/enterprise/apidrift/service/IngestionOrchestrator.class]: Unsatisfied dependency expressed through constructor parameter 4: Error creating bean with name 'usageCorrelationService' defined in file [/Users/nishant/CODE/api-drift-engine/target/classes/com/enterprise/apidrift/engine/telemetry/UsageCorrelationService.class]: Unsatisfied dependency expressed through constructor parameter 0: Error creating bean with name 'telemetryRegistry' defined in file [/Users/nishant/CODE/api-drift-engine/target/classes/com/enterprise/apidrift/engine/telemetry/TelemetryRegistry.class]: Failed to instantiate [com.enterprise.apidrift.engine.telemetry.TelemetryRegistry]: Constructor threw exception
2026-07-29 21:31:35.275 ERROR [main] o.s.boot.SpringApplication : Application run failed
org.springframework.beans.factory.UnsatisfiedDependencyException: Error creating bean with name 'specPollingJob' defined in file [/Users/nishant/CODE/api-drift-engine/target/classes/com/enterprise/apidrift/config/SpecPollingJob.class]: Unsatisfied dependency expressed through constructor parameter 0: Error creating bean with name 'ingestionOrchestrator' defined in file [/Users/nishant/CODE/api-drift-engine/target/classes/com/enterprise/apidrift/service/IngestionOrchestrator.class]: Unsatisfied dependency expressed through constructor parameter 4: Error creating bean with name 'usageCorrelationService' defined in file [/Users/nishant/CODE/api-drift-engine/target/classes/com/enterprise/apidrift/engine/telemetry/UsageCorrelationService.class]: Unsatisfied dependency expressed through constructor parameter 0: Error creating bean with name 'telemetryRegistry' defined in file [/Users/nishant/CODE/api-drift-engine/target/classes/com/enterprise/apidrift/engine/telemetry/TelemetryRegistry.class]: Failed to instantiate [com.enterprise.apidrift.engine.telemetry.TelemetryRegistry]: Constructor threw exception
	at org.springframework.beans.factory.support.ConstructorResolver.createArgumentArray(ConstructorResolver.java:795)
	at org.springframework.beans.factory.support.ConstructorResolver.autowireConstructor(ConstructorResolver.java:237)
	at org.springframework.beans.factory.support.AbstractAutowireCapableBeanFactory.autowireConstructor(AbstractAutowireCapableBeanFactory.java:1357)
	at org.springframework.beans.factory.support.AbstractAutowireCapableBeanFactory.createBeanInstance(AbstractAutowireCapableBeanFactory.java:1194)
	at org.springframework.beans.factory.support.AbstractAutowireCapableBeanFactory.doCreateBean(AbstractAutowireCapableBeanFactory.java:562)
	at org.springframework.beans.factory.support.AbstractAutowireCapableBeanFactory.createBean(AbstractAutowireCapableBeanFactory.java:522)
	at org.springframework.beans.factory.support.AbstractBeanFactory.lambda$doGetBean$0(AbstractBeanFactory.java:337)
	at org.springframework.beans.factory.support.DefaultSingletonBeanRegistry.getSingleton(DefaultSingletonBeanRegistry.java:234)
	at org.springframework.beans.factory.support.AbstractBeanFactory.doGetBean(AbstractBeanFactory.java:335)
	at org.springframework.beans.factory.support.AbstractBeanFactory.getBean(AbstractBeanFactory.java:200)
	at org.springframework.beans.factory.support.DefaultListableBeanFactory.preInstantiateSingletons(DefaultListableBeanFactory.java:975)
	at org.springframework.context.support.AbstractApplicationContext.finishBeanFactoryInitialization(AbstractApplicationContext.java:962)
	at org.springframework.context.support.AbstractApplicationContext.refresh(AbstractApplicationContext.java:624)
	at org.springframework.boot.SpringApplication.refresh(SpringApplication.java:754)
	at org.springframework.boot.SpringApplication.refreshContext(SpringApplication.java:456)
	at org.springframework.boot.SpringApplication.run(SpringApplication.java:335)
	at org.springframework.boot.test.context.SpringBootContextLoader.lambda$loadContext$3(SpringBootContextLoader.java:137)
	at org.springframework.util.function.ThrowingSupplier.get(ThrowingSupplier.java:58)
	at org.springframework.util.function.ThrowingSupplier.get(ThrowingSupplier.java:46)
	at org.springframework.boot.SpringApplication.withHook(SpringApplication.java:1463)
	at org.springframework.boot.test.context.SpringBootContextLoader$ContextLoaderHook.run(SpringBootContextLoader.java:553)
	at org.springframework.boot.test.context.SpringBootContextLoader.loadContext(SpringBootContextLoader.java:137)
	at org.springframework.boot.test.context.SpringBootContextLoader.loadContext(SpringBootContextLoader.java:108)
	at org.springframework.test.context.cache.DefaultCacheAwareContextLoaderDelegate.loadContextInternal(DefaultCacheAwareContextLoaderDelegate.java:225)
	at org.springframework.test.context.cache.DefaultCacheAwareContextLoaderDelegate.loadContext(DefaultCacheAwareContextLoaderDelegate.java:152)
	at org.springframework.test.context.support.DefaultTestContext.getApplicationContext(DefaultTestContext.java:130)
	at org.springframework.test.context.web.ServletTestExecutionListener.setUpRequestContextIfNecessary(ServletTestExecutionListener.java:191)
	at org.springframework.test.context.web.ServletTestExecutionListener.prepareTestInstance(ServletTestExecutionListener.java:130)
	at org.springframework.test.context.TestContextManager.prepareTestInstance(TestContextManager.java:260)
	at org.springframework.test.context.junit.jupiter.SpringExtension.postProcessTestInstance(SpringExtension.java:163)
	at org.junit.jupiter.engine.descriptor.ClassBasedTestDescriptor.lambda$invokeTestInstancePostProcessors$10(ClassBasedTestDescriptor.java:378)
	at org.junit.jupiter.engine.descriptor.ClassBasedTestDescriptor.executeAndMaskThrowable(ClassBasedTestDescriptor.java:383)
	at org.junit.jupiter.engine.descriptor.ClassBasedTestDescriptor.lambda$invokeTestInstancePostProcessors$11(ClassBasedTestDescriptor.java:378)
	at java.base/java.util.stream.ReferencePipeline$3$1.accept(ReferencePipeline.java:197)
	at java.base/java.util.stream.ReferencePipeline$2$1.accept(ReferencePipeline.java:179)
	at java.base/java.util.ArrayList$ArrayListSpliterator.forEachRemaining(ArrayList.java:1708)
	at java.base/java.util.stream.AbstractPipeline.copyInto(AbstractPipeline.java:509)
	at java.base/java.util.stream.AbstractPipeline.wrapAndCopyInto(AbstractPipeline.java:499)
	at java.base/java.util.stream.StreamSpliterators$WrappingSpliterator.forEachRemaining(StreamSpliterators.java:310)
	at java.base/java.util.stream.Streams$ConcatSpliterator.forEachRemaining(Streams.java:735)
	at java.base/java.util.stream.Streams$ConcatSpliterator.forEachRemaining(Streams.java:734)
	at java.base/java.util.stream.ReferencePipeline$Head.forEach(ReferencePipeline.java:762)
	at org.junit.jupiter.engine.descriptor.ClassBasedTestDescriptor.invokeTestInstancePostProcessors(ClassBasedTestDescriptor.java:377)
	at org.junit.jupiter.engine.descriptor.ClassBasedTestDescriptor.lambda$instantiateAndPostProcessTestInstance$6(ClassBasedTestDescriptor.java:290)
	at org.junit.platform.engine.support.hierarchical.ThrowableCollector.execute(ThrowableCollector.java:73)
	at org.junit.jupiter.engine.descriptor.ClassBasedTestDescriptor.instantiateAndPostProcessTestInstance(ClassBasedTestDescriptor.java:289)
	at org.junit.jupiter.engine.descriptor.ClassBasedTestDescriptor.lambda$testInstancesProvider$4(ClassBasedTestDescriptor.java:279)
	at java.base/java.util.Optional.orElseGet(Optional.java:364)
	at org.junit.jupiter.engine.descriptor.ClassBasedTestDescriptor.lambda$testInstancesProvider$5(ClassBasedTestDescriptor.java:278)
	at org.junit.jupiter.engine.execution.TestInstancesProvider.getTestInstances(TestInstancesProvider.java:31)
	at org.junit.jupiter.engine.descriptor.TestMethodTestDescriptor.lambda$prepare$0(TestMethodTestDescriptor.java:106)
	at org.junit.platform.engine.support.hierarchical.ThrowableCollector.execute(ThrowableCollector.java:73)
	at org.junit.jupiter.engine.descriptor.TestMethodTestDescriptor.prepare(TestMethodTestDescriptor.java:105)
	at org.junit.jupiter.engine.descriptor.TestMethodTestDescriptor.prepare(TestMethodTestDescriptor.java:69)
	at org.junit.platform.engine.support.hierarchical.NodeTestTask.lambda$prepare$2(NodeTestTask.java:123)
	at org.junit.platform.engine.support.hierarchical.ThrowableCollector.execute(ThrowableCollector.java:73)
	at org.junit.platform.engine.support.hierarchical.NodeTestTask.prepare(NodeTestTask.java:123)
	at org.junit.platform.engine.support.hierarchical.NodeTestTask.execute(NodeTestTask.java:90)
	at java.base/java.util.ArrayList.forEach(ArrayList.java:1596)
	at org.junit.platform.engine.support.hierarchical.SameThreadHierarchicalTestExecutorService.invokeAll(SameThreadHierarchicalTestExecutorService.java:41)
	at org.junit.platform.engine.support.hierarchical.NodeTestTask.lambda$executeRecursively$6(NodeTestTask.java:155)
	at org.junit.platform.engine.support.hierarchical.ThrowableCollector.execute(ThrowableCollector.java:73)
	at org.junit.platform.engine.support.hierarchical.NodeTestTask.lambda$executeRecursively$8(NodeTestTask.java:141)
	at org.junit.platform.engine.support.hierarchical.Node.around(Node.java:137)
	at org.junit.platform.engine.support.hierarchical.NodeTestTask.lambda$executeRecursively$9(NodeTestTask.java:139)
	at org.junit.platform.engine.support.hierarchical.ThrowableCollector.execute(ThrowableCollector.java:73)
	at org.junit.platform.engine.support.hierarchical.NodeTestTask.executeRecursively(NodeTestTask.java:138)
	at org.junit.platform.engine.support.hierarchical.NodeTestTask.execute(NodeTestTask.java:95)
	at java.base/java.util.ArrayList.forEach(ArrayList.java:1596)
	at org.junit.platform.engine.support.hierarchical.SameThreadHierarchicalTestExecutorService.invokeAll(SameThreadHierarchicalTestExecutorService.java:41)
	at org.junit.platform.engine.support.hierarchical.NodeTestTask.lambda$executeRecursively$6(NodeTestTask.java:155)
	at org.junit.platform.engine.support.hierarchical.ThrowableCollector.execute(ThrowableCollector.java:73)
	at org.junit.platform.engine.support.hierarchical.NodeTestTask.lambda$executeRecursively$8(NodeTestTask.java:141)
	at org.junit.platform.engine.support.hierarchical.Node.around(Node.java:137)
	at org.junit.platform.engine.support.hierarchical.NodeTestTask.lambda$executeRecursively$9(NodeTestTask.java:139)
	at org.junit.platform.engine.support.hierarchical.ThrowableCollector.execute(ThrowableCollector.java:73)
	at org.junit.platform.engine.support.hierarchical.NodeTestTask.executeRecursively(NodeTestTask.java:138)
	at org.junit.platform.engine.support.hierarchical.NodeTestTask.execute(NodeTestTask.java:95)
	at org.junit.platform.engine.support.hierarchical.SameThreadHierarchicalTestExecutorService.submit(SameThreadHierarchicalTestExecutorService.java:35)
	at org.junit.platform.engine.support.hierarchical.HierarchicalTestExecutor.execute(HierarchicalTestExecutor.java:57)
	at org.junit.platform.engine.support.hierarchical.HierarchicalTestEngine.execute(HierarchicalTestEngine.java:54)
	at org.junit.platform.launcher.core.EngineExecutionOrchestrator.execute(EngineExecutionOrchestrator.java:198)
	at org.junit.platform.launcher.core.EngineExecutionOrchestrator.execute(EngineExecutionOrchestrator.java:169)
	at org.junit.platform.launcher.core.EngineExecutionOrchestrator.execute(EngineExecutionOrchestrator.java:93)
	at org.junit.platform.launcher.core.EngineExecutionOrchestrator.lambda$execute$0(EngineExecutionOrchestrator.java:58)
	at org.junit.platform.launcher.core.EngineExecutionOrchestrator.withInterceptedStreams(EngineExecutionOrchestrator.java:141)
	at org.junit.platform.launcher.core.EngineExecutionOrchestrator.execute(EngineExecutionOrchestrator.java:57)
	at org.junit.platform.launcher.core.DefaultLauncher.execute(DefaultLauncher.java:103)
	at org.junit.platform.launcher.core.DefaultLauncher.execute(DefaultLauncher.java:85)
	at org.junit.platform.launcher.core.DelegatingLauncher.execute(DelegatingLauncher.java:47)
	at org.apache.maven.surefire.junitplatform.LazyLauncher.execute(LazyLauncher.java:56)
	at org.apache.maven.surefire.junitplatform.JUnitPlatformProvider.execute(JUnitPlatformProvider.java:184)
	at org.apache.maven.surefire.junitplatform.JUnitPlatformProvider.invokeAllTests(JUnitPlatformProvider.java:148)
	at org.apache.maven.surefire.junitplatform.JUnitPlatformProvider.invoke(JUnitPlatformProvider.java:122)
	at org.apache.maven.surefire.booter.ForkedBooter.runSuitesInProcess(ForkedBooter.java:385)
	at org.apache.maven.surefire.booter.ForkedBooter.execute(ForkedBooter.java:162)
	at org.apache.maven.surefire.booter.ForkedBooter.run(ForkedBooter.java:507)
	at org.apache.maven.surefire.booter.ForkedBooter.main(ForkedBooter.java:495)
Caused by: org.springframework.beans.factory.UnsatisfiedDependencyException: Error creating bean with name 'ingestionOrchestrator' defined in file [/Users/nishant/CODE/api-drift-engine/target/classes/com/enterprise/apidrift/service/IngestionOrchestrator.class]: Unsatisfied dependency expressed through constructor parameter 4: Error creating bean with name 'usageCorrelationService' defined in file [/Users/nishant/CODE/api-drift-engine/target/classes/com/enterprise/apidrift/engine/telemetry/UsageCorrelationService.class]: Unsatisfied dependency expressed through constructor parameter 0: Error creating bean with name 'telemetryRegistry' defined in file [/Users/nishant/CODE/api-drift-engine/target/classes/com/enterprise/apidrift/engine/telemetry/TelemetryRegistry.class]: Failed to instantiate [com.enterprise.apidrift.engine.telemetry.TelemetryRegistry]: Constructor threw exception
	at org.springframework.beans.factory.support.ConstructorResolver.createArgumentArray(ConstructorResolver.java:795)
	at org.springframework.beans.factory.support.ConstructorResolver.autowireConstructor(ConstructorResolver.java:237)
	at org.springframework.beans.factory.support.AbstractAutowireCapableBeanFactory.autowireConstructor(AbstractAutowireCapableBeanFactory.java:1357)
	at org.springframework.beans.factory.support.AbstractAutowireCapableBeanFactory.createBeanInstance(AbstractAutowireCapableBeanFactory.java:1194)
	at org.springframework.beans.factory.support.AbstractAutowireCapableBeanFactory.doCreateBean(AbstractAutowireCapableBeanFactory.java:562)
	at org.springframework.beans.factory.support.AbstractAutowireCapableBeanFactory.createBean(AbstractAutowireCapableBeanFactory.java:522)
	at org.springframework.beans.factory.support.AbstractBeanFactory.lambda$doGetBean$0(AbstractBeanFactory.java:337)
	at org.springframework.beans.factory.support.DefaultSingletonBeanRegistry.getSingleton(DefaultSingletonBeanRegistry.java:234)
	at org.springframework.beans.factory.support.AbstractBeanFactory.doGetBean(AbstractBeanFactory.java:335)
	at org.springframework.beans.factory.support.AbstractBeanFactory.getBean(AbstractBeanFactory.java:200)
	at org.springframework.beans.factory.config.DependencyDescriptor.resolveCandidate(DependencyDescriptor.java:254)
	at org.springframework.beans.factory.support.DefaultListableBeanFactory.doResolveDependency(DefaultListableBeanFactory.java:1443)
	at org.springframework.beans.factory.support.DefaultListableBeanFactory.resolveDependency(DefaultListableBeanFactory.java:1353)
	at org.springframework.beans.factory.support.ConstructorResolver.resolveAutowiredArgument(ConstructorResolver.java:904)
	at org.springframework.beans.factory.support.ConstructorResolver.createArgumentArray(ConstructorResolver.java:782)
	... 97 common frames omitted
Caused by: org.springframework.beans.factory.UnsatisfiedDependencyException: Error creating bean with name 'usageCorrelationService' defined in file [/Users/nishant/CODE/api-drift-engine/target/classes/com/enterprise/apidrift/engine/telemetry/UsageCorrelationService.class]: Unsatisfied dependency expressed through constructor parameter 0: Error creating bean with name 'telemetryRegistry' defined in file [/Users/nishant/CODE/api-drift-engine/target/classes/com/enterprise/apidrift/engine/telemetry/TelemetryRegistry.class]: Failed to instantiate [com.enterprise.apidrift.engine.telemetry.TelemetryRegistry]: Constructor threw exception
	at org.springframework.beans.factory.support.ConstructorResolver.createArgumentArray(ConstructorResolver.java:795)
	at org.springframework.beans.factory.support.ConstructorResolver.autowireConstructor(ConstructorResolver.java:237)
	at org.springframework.beans.factory.support.AbstractAutowireCapableBeanFactory.autowireConstructor(AbstractAutowireCapableBeanFactory.java:1357)
	at org.springframework.beans.factory.support.AbstractAutowireCapableBeanFactory.createBeanInstance(AbstractAutowireCapableBeanFactory.java:1194)
	at org.springframework.beans.factory.support.AbstractAutowireCapableBeanFactory.doCreateBean(AbstractAutowireCapableBeanFactory.java:562)
	at org.springframework.beans.factory.support.AbstractAutowireCapableBeanFactory.createBean(AbstractAutowireCapableBeanFactory.java:522)
	at org.springframework.beans.factory.support.AbstractBeanFactory.lambda$doGetBean$0(AbstractBeanFactory.java:337)
	at org.springframework.beans.factory.support.DefaultSingletonBeanRegistry.getSingleton(DefaultSingletonBeanRegistry.java:234)
	at org.springframework.beans.factory.support.AbstractBeanFactory.doGetBean(AbstractBeanFactory.java:335)
	at org.springframework.beans.factory.support.AbstractBeanFactory.getBean(AbstractBeanFactory.java:200)
	at org.springframework.beans.factory.config.DependencyDescriptor.resolveCandidate(DependencyDescriptor.java:254)
	at org.springframework.beans.factory.support.DefaultListableBeanFactory.doResolveDependency(DefaultListableBeanFactory.java:1443)
	at org.springframework.beans.factory.support.DefaultListableBeanFactory.resolveDependency(DefaultListableBeanFactory.java:1353)
	at org.springframework.beans.factory.support.ConstructorResolver.resolveAutowiredArgument(ConstructorResolver.java:904)
	at org.springframework.beans.factory.support.ConstructorResolver.createArgumentArray(ConstructorResolver.java:782)
	... 111 common frames omitted
Caused by: org.springframework.beans.factory.BeanCreationException: Error creating bean with name 'telemetryRegistry' defined in file [/Users/nishant/CODE/api-drift-engine/target/classes/com/enterprise/apidrift/engine/telemetry/TelemetryRegistry.class]: Failed to instantiate [com.enterprise.apidrift.engine.telemetry.TelemetryRegistry]: Constructor threw exception
	at org.springframework.beans.factory.support.ConstructorResolver.instantiate(ConstructorResolver.java:318)
	at org.springframework.beans.factory.support.ConstructorResolver.autowireConstructor(ConstructorResolver.java:306)
	at org.springframework.beans.factory.support.AbstractAutowireCapableBeanFactory.autowireConstructor(AbstractAutowireCapableBeanFactory.java:1357)
	at org.springframework.beans.factory.support.AbstractAutowireCapableBeanFactory.createBeanInstance(AbstractAutowireCapableBeanFactory.java:1194)
	at org.springframework.beans.factory.support.AbstractAutowireCapableBeanFactory.doCreateBean(AbstractAutowireCapableBeanFactory.java:562)
	at org.springframework.beans.factory.support.AbstractAutowireCapableBeanFactory.createBean(AbstractAutowireCapableBeanFactory.java:522)
	at org.springframework.beans.factory.support.AbstractBeanFactory.lambda$doGetBean$0(AbstractBeanFactory.java:337)
	at org.springframework.beans.factory.support.DefaultSingletonBeanRegistry.getSingleton(DefaultSingletonBeanRegistry.java:234)
	at org.springframework.beans.factory.support.AbstractBeanFactory.doGetBean(AbstractBeanFactory.java:335)
	at org.springframework.beans.factory.support.AbstractBeanFactory.getBean(AbstractBeanFactory.java:200)
	at org.springframework.beans.factory.config.DependencyDescriptor.resolveCandidate(DependencyDescriptor.java:254)
	at org.springframework.beans.factory.support.DefaultListableBeanFactory.doResolveDependency(DefaultListableBeanFactory.java:1443)
	at org.springframework.beans.factory.support.DefaultListableBeanFactory.resolveDependency(DefaultListableBeanFactory.java:1353)
	at org.springframework.beans.factory.support.ConstructorResolver.resolveAutowiredArgument(ConstructorResolver.java:904)
	at org.springframework.beans.factory.support.ConstructorResolver.createArgumentArray(ConstructorResolver.java:782)
	... 125 common frames omitted
Caused by: org.springframework.beans.BeanInstantiationException: Failed to instantiate [com.enterprise.apidrift.engine.telemetry.TelemetryRegistry]: Constructor threw exception
	at org.springframework.beans.BeanUtils.instantiateClass(BeanUtils.java:221)
	at org.springframework.beans.factory.support.SimpleInstantiationStrategy.instantiate(SimpleInstantiationStrategy.java:111)
	at org.springframework.beans.factory.support.ConstructorResolver.instantiate(ConstructorResolver.java:315)
	... 139 common frames omitted
Caused by: org.springframework.dao.DataIntegrityViolationException: could not execute statement [Referential integrity constraint violation: "FKH6THY0UIC57DK32T5458E0KH0: PUBLIC.SERVICE_DEPENDENCIES FOREIGN KEY(VENDOR_ID) REFERENCES PUBLIC.VENDOR_CONFIGS(ID) (CAST(1 AS BIGINT))"; SQL statement:
insert into service_dependencies (created_at,endpoint_path,http_method,json_pointer,service_name,vendor_id,id) values (?,?,?,?,?,?,default) [23506-224]] [insert into service_dependencies (created_at,endpoint_path,http_method,json_pointer,service_name,vendor_id,id) values (?,?,?,?,?,?,default)]; SQL [insert into service_dependencies (created_at,endpoint_path,http_method,json_pointer,service_name,vendor_id,id) values (?,?,?,?,?,?,default)]; constraint [KH6THY0UIC57DK32T5458E0KH0]
	at org.springframework.orm.jpa.vendor.HibernateJpaDialect.convertHibernateAccessException(HibernateJpaDialect.java:290)
	at org.springframework.orm.jpa.vendor.HibernateJpaDialect.translateExceptionIfPossible(HibernateJpaDialect.java:241)
	at org.springframework.orm.jpa.AbstractEntityManagerFactoryBean.translateExceptionIfPossible(AbstractEntityManagerFactoryBean.java:550)
	at org.springframework.dao.support.ChainedPersistenceExceptionTranslator.translateExceptionIfPossible(ChainedPersistenceExceptionTranslator.java:61)
	at org.springframework.dao.support.DataAccessUtils.translateIfNecessary(DataAccessUtils.java:335)
	at org.springframework.dao.support.PersistenceExceptionTranslationInterceptor.invoke(PersistenceExceptionTranslationInterceptor.java:152)
	at org.springframework.aop.framework.ReflectiveMethodInvocation.proceed(ReflectiveMethodInvocation.java:184)
	at org.springframework.data.jpa.repository.support.CrudMethodMetadataPostProcessor$CrudMethodMetadataPopulatingMethodInterceptor.invoke(CrudMethodMetadataPostProcessor.java:165)
	at org.springframework.aop.framework.ReflectiveMethodInvocation.proceed(ReflectiveMethodInvocation.java:184)
	at org.springframework.aop.interceptor.ExposeInvocationInterceptor.invoke(ExposeInvocationInterceptor.java:97)
	at org.springframework.aop.framework.ReflectiveMethodInvocation.proceed(ReflectiveMethodInvocation.java:184)
	at org.springframework.aop.framework.JdkDynamicAopProxy.invoke(JdkDynamicAopProxy.java:223)
	at jdk.proxy2/jdk.proxy2.$Proxy161.save(Unknown Source)
	at com.enterprise.apidrift.engine.telemetry.TelemetryRegistry.register(TelemetryRegistry.java:63)
	at com.enterprise.apidrift.engine.telemetry.TelemetryRegistry.seedMockDataIfEmpty(TelemetryRegistry.java:78)
	at com.enterprise.apidrift.engine.telemetry.TelemetryRegistry.<init>(TelemetryRegistry.java:27)
	at java.base/jdk.internal.reflect.DirectConstructorHandleAccessor.newInstance(DirectConstructorHandleAccessor.java:62)
	at java.base/java.lang.reflect.Constructor.newInstanceWithCaller(Constructor.java:502)
	at java.base/java.lang.reflect.Constructor.newInstance(Constructor.java:486)
	at org.springframework.beans.BeanUtils.instantiateClass(BeanUtils.java:208)
	... 141 common frames omitted
Caused by: org.hibernate.exception.ConstraintViolationException: could not execute statement [Referential integrity constraint violation: "FKH6THY0UIC57DK32T5458E0KH0: PUBLIC.SERVICE_DEPENDENCIES FOREIGN KEY(VENDOR_ID) REFERENCES PUBLIC.VENDOR_CONFIGS(ID) (CAST(1 AS BIGINT))"; SQL statement:
insert into service_dependencies (created_at,endpoint_path,http_method,json_pointer,service_name,vendor_id,id) values (?,?,?,?,?,?,default) [23506-224]] [insert into service_dependencies (created_at,endpoint_path,http_method,json_pointer,service_name,vendor_id,id) values (?,?,?,?,?,?,default)]
	at org.hibernate.exception.internal.SQLExceptionTypeDelegate.convert(SQLExceptionTypeDelegate.java:62)
	at org.hibernate.exception.internal.StandardSQLExceptionConverter.convert(StandardSQLExceptionConverter.java:58)
	at org.hibernate.engine.jdbc.spi.SqlExceptionHelper.convert(SqlExceptionHelper.java:108)
	at org.hibernate.engine.jdbc.internal.ResultSetReturnImpl.executeUpdate(ResultSetReturnImpl.java:197)
	at org.hibernate.id.insert.GetGeneratedKeysDelegate.performMutation(GetGeneratedKeysDelegate.java:116)
	at org.hibernate.engine.jdbc.mutation.internal.MutationExecutorSingleNonBatched.performNonBatchedOperations(MutationExecutorSingleNonBatched.java:47)
	at org.hibernate.engine.jdbc.mutation.internal.AbstractMutationExecutor.execute(AbstractMutationExecutor.java:55)
	at org.hibernate.persister.entity.mutation.InsertCoordinatorStandard.doStaticInserts(InsertCoordinatorStandard.java:194)
	at org.hibernate.persister.entity.mutation.InsertCoordinatorStandard.coordinateInsert(InsertCoordinatorStandard.java:132)
	at org.hibernate.persister.entity.mutation.InsertCoordinatorStandard.insert(InsertCoordinatorStandard.java:95)
	at org.hibernate.action.internal.EntityIdentityInsertAction.execute(EntityIdentityInsertAction.java:85)
	at org.hibernate.engine.spi.ActionQueue.execute(ActionQueue.java:670)
	at org.hibernate.engine.spi.ActionQueue.addResolvedEntityInsertAction(ActionQueue.java:291)
	at org.hibernate.engine.spi.ActionQueue.addInsertAction(ActionQueue.java:272)
	at org.hibernate.engine.spi.ActionQueue.addAction(ActionQueue.java:322)
	at org.hibernate.event.internal.AbstractSaveEventListener.addInsertAction(AbstractSaveEventListener.java:391)
	at org.hibernate.event.internal.AbstractSaveEventListener.performSaveOrReplicate(AbstractSaveEventListener.java:305)
	at org.hibernate.event.internal.AbstractSaveEventListener.performSave(AbstractSaveEventListener.java:224)
	at org.hibernate.event.internal.AbstractSaveEventListener.saveWithGeneratedId(AbstractSaveEventListener.java:137)
	at org.hibernate.event.internal.DefaultPersistEventListener.entityIsTransient(DefaultPersistEventListener.java:175)
	at org.hibernate.event.internal.DefaultPersistEventListener.persist(DefaultPersistEventListener.java:93)
	at org.hibernate.event.internal.DefaultPersistEventListener.onPersist(DefaultPersistEventListener.java:77)
	at org.hibernate.event.internal.DefaultPersistEventListener.onPersist(DefaultPersistEventListener.java:54)
	at org.hibernate.event.service.internal.EventListenerGroupImpl.fireEventOnEachListener(EventListenerGroupImpl.java:127)
	at org.hibernate.internal.SessionImpl.firePersist(SessionImpl.java:757)
	at org.hibernate.internal.SessionImpl.persist(SessionImpl.java:741)
	at java.base/jdk.internal.reflect.DirectMethodHandleAccessor.invoke(DirectMethodHandleAccessor.java:103)
	at java.base/java.lang.reflect.Method.invoke(Method.java:580)
	at org.springframework.orm.jpa.SharedEntityManagerCreator$SharedEntityManagerInvocationHandler.invoke(SharedEntityManagerCreator.java:319)
	at jdk.proxy2/jdk.proxy2.$Proxy154.persist(Unknown Source)
	at org.springframework.data.jpa.repository.support.SimpleJpaRepository.save(SimpleJpaRepository.java:628)
	at java.base/jdk.internal.reflect.DirectMethodHandleAccessor.invoke(DirectMethodHandleAccessor.java:103)
	at java.base/java.lang.reflect.Method.invoke(Method.java:580)
	at org.springframework.aop.support.AopUtils.invokeJoinpointUsingReflection(AopUtils.java:354)
	at org.springframework.data.repository.core.support.RepositoryMethodInvoker$RepositoryFragmentMethodInvoker.lambda$new$0(RepositoryMethodInvoker.java:277)
	at org.springframework.data.repository.core.support.RepositoryMethodInvoker.doInvoke(RepositoryMethodInvoker.java:170)
	at org.springframework.data.repository.core.support.RepositoryMethodInvoker.invoke(RepositoryMethodInvoker.java:158)
	at org.springframework.data.repository.core.support.RepositoryComposition$RepositoryFragments.invoke(RepositoryComposition.java:516)
	at org.springframework.data.repository.core.support.RepositoryComposition.invoke(RepositoryComposition.java:285)
	at org.springframework.data.repository.core.support.RepositoryFactorySupport$ImplementationMethodExecutionInterceptor.invoke(RepositoryFactorySupport.java:628)
	at org.springframework.aop.framework.ReflectiveMethodInvocation.proceed(ReflectiveMethodInvocation.java:184)
	at org.springframework.data.repository.core.support.QueryExecutorMethodInterceptor.doInvoke(QueryExecutorMethodInterceptor.java:168)
	at org.springframework.data.repository.core.support.QueryExecutorMethodInterceptor.invoke(QueryExecutorMethodInterceptor.java:143)
	at org.springframework.aop.framework.ReflectiveMethodInvocation.proceed(ReflectiveMethodInvocation.java:184)
	at org.springframework.data.projection.DefaultMethodInvokingMethodInterceptor.invoke(DefaultMethodInvokingMethodInterceptor.java:70)
	at org.springframework.aop.framework.ReflectiveMethodInvocation.proceed(ReflectiveMethodInvocation.java:184)
	at org.springframework.transaction.interceptor.TransactionInterceptor$1.proceedWithInvocation(TransactionInterceptor.java:123)
	at org.springframework.transaction.interceptor.TransactionAspectSupport.invokeWithinTransaction(TransactionAspectSupport.java:392)
	at org.springframework.transaction.interceptor.TransactionInterceptor.invoke(TransactionInterceptor.java:119)
	at org.springframework.aop.framework.ReflectiveMethodInvocation.proceed(ReflectiveMethodInvocation.java:184)
	at org.springframework.dao.support.PersistenceExceptionTranslationInterceptor.invoke(PersistenceExceptionTranslationInterceptor.java:137)
	... 155 common frames omitted
Caused by: org.h2.jdbc.JdbcSQLIntegrityConstraintViolationException: Referential integrity constraint violation: "FKH6THY0UIC57DK32T5458E0KH0: PUBLIC.SERVICE_DEPENDENCIES FOREIGN KEY(VENDOR_ID) REFERENCES PUBLIC.VENDOR_CONFIGS(ID) (CAST(1 AS BIGINT))"; SQL statement:
insert into service_dependencies (created_at,endpoint_path,http_method,json_pointer,service_name,vendor_id,id) values (?,?,?,?,?,?,default) [23506-224]
	at org.h2.message.DbException.getJdbcSQLException(DbException.java:520)
	at org.h2.message.DbException.getJdbcSQLException(DbException.java:489)
	at org.h2.message.DbException.get(DbException.java:223)
	at org.h2.message.DbException.get(DbException.java:199)
	at org.h2.constraint.ConstraintReferential.checkRowOwnTable(ConstraintReferential.java:311)
	at org.h2.constraint.ConstraintReferential.checkRow(ConstraintReferential.java:252)
	at org.h2.table.Table.fireConstraints(Table.java:1200)
	at org.h2.table.Table.fireAfterRow(Table.java:1218)
	at org.h2.command.dml.Insert.insertRows(Insert.java:188)
	at org.h2.command.dml.Insert.update(Insert.java:135)
	at org.h2.command.CommandContainer.executeUpdateWithGeneratedKeys(CommandContainer.java:242)
	at org.h2.command.CommandContainer.update(CommandContainer.java:163)
	at org.h2.command.Command.executeUpdate(Command.java:256)
	at org.h2.jdbc.JdbcPreparedStatement.executeUpdateInternal(JdbcPreparedStatement.java:216)
	at org.h2.jdbc.JdbcPreparedStatement.executeUpdate(JdbcPreparedStatement.java:174)
	at com.zaxxer.hikari.pool.ProxyPreparedStatement.executeUpdate(ProxyPreparedStatement.java:61)
	at com.zaxxer.hikari.pool.HikariProxyPreparedStatement.executeUpdate(HikariProxyPreparedStatement.java)
	at org.hibernate.engine.jdbc.internal.ResultSetReturnImpl.executeUpdate(ResultSetReturnImpl.java:194)
	... 202 common frames omitted
2026-07-29 21:31:35.282 WARN  [main] o.s.test.context.TestContextManager : Caught exception while allowing TestExecutionListener [org.springframework.test.context.web.ServletTestExecutionListener] to prepare test instance [com.enterprise.apidrift.ApiDriftApplicationTests@6dd65379]
java.lang.IllegalStateException: Failed to load ApplicationContext for [WebMergedContextConfiguration@502afb74 testClass = com.enterprise.apidrift.ApiDriftApplicationTests, locations = [], classes = [com.enterprise.apidrift.ApiDriftApplication], contextInitializerClasses = [], activeProfiles = ["test"], propertySourceDescriptors = [], propertySourceProperties = ["org.springframework.boot.test.context.SpringBootTestContextBootstrapper=true"], contextCustomizers = [org.springframework.boot.test.context.filter.ExcludeFilterContextCustomizer@65f8f5ae, org.springframework.boot.test.json.DuplicateJsonObjectContextCustomizerFactory$DuplicateJsonObjectContextCustomizer@5c7933ad, org.springframework.boot.test.mock.mockito.MockitoContextCustomizer@0, org.springframework.boot.test.web.client.TestRestTemplateContextCustomizer@79207381, org.springframework.boot.test.web.reactive.server.WebTestClientContextCustomizer@4b520ea8, org.springframework.boot.test.autoconfigure.actuate.observability.ObservabilityContextCustomizerFactory$DisableObservabilityContextCustomizer@1f, org.springframework.boot.test.autoconfigure.properties.PropertyMappingContextCustomizer@0, org.springframework.boot.test.autoconfigure.web.servlet.WebDriverContextCustomizer@626abbd0, org.springframework.boot.test.context.SpringBootTestAnnotation@3eb58b27], resourceBasePath = "src/main/webapp", contextLoader = org.springframework.boot.test.context.SpringBootContextLoader, parent = null]
	at org.springframework.test.context.cache.DefaultCacheAwareContextLoaderDelegate.loadContext(DefaultCacheAwareContextLoaderDelegate.java:180)
	at org.springframework.test.context.support.DefaultTestContext.getApplicationContext(DefaultTestContext.java:130)
	at org.springframework.test.context.web.ServletTestExecutionListener.setUpRequestContextIfNecessary(ServletTestExecutionListener.java:191)
	at org.springframework.test.context.web.ServletTestExecutionListener.prepareTestInstance(ServletTestExecutionListener.java:130)
	at org.springframework.test.context.TestContextManager.prepareTestInstance(TestContextManager.java:260)
	at org.springframework.test.context.junit.jupiter.SpringExtension.postProcessTestInstance(SpringExtension.java:163)
	at org.junit.jupiter.engine.descriptor.ClassBasedTestDescriptor.lambda$invokeTestInstancePostProcessors$10(ClassBasedTestDescriptor.java:378)
	at org.junit.jupiter.engine.descriptor.ClassBasedTestDescriptor.executeAndMaskThrowable(ClassBasedTestDescriptor.java:383)
	at org.junit.jupiter.engine.descriptor.ClassBasedTestDescriptor.lambda$invokeTestInstancePostProcessors$11(ClassBasedTestDescriptor.java:378)
	at java.base/java.util.stream.ReferencePipeline$3$1.accept(ReferencePipeline.java:197)
	at java.base/java.util.stream.ReferencePipeline$2$1.accept(ReferencePipeline.java:179)
	at java.base/java.util.ArrayList$ArrayListSpliterator.forEachRemaining(ArrayList.java:1708)
	at java.base/java.util.stream.AbstractPipeline.copyInto(AbstractPipeline.java:509)
	at java.base/java.util.stream.AbstractPipeline.wrapAndCopyInto(AbstractPipeline.java:499)
	at java.base/java.util.stream.StreamSpliterators$WrappingSpliterator.forEachRemaining(StreamSpliterators.java:310)
	at java.base/java.util.stream.Streams$ConcatSpliterator.forEachRemaining(Streams.java:735)
	at java.base/java.util.stream.Streams$ConcatSpliterator.forEachRemaining(Streams.java:734)
	at java.base/java.util.stream.ReferencePipeline$Head.forEach(ReferencePipeline.java:762)
	at org.junit.jupiter.engine.descriptor.ClassBasedTestDescriptor.invokeTestInstancePostProcessors(ClassBasedTestDescriptor.java:377)
	at org.junit.jupiter.engine.descriptor.ClassBasedTestDescriptor.lambda$instantiateAndPostProcessTestInstance$6(ClassBasedTestDescriptor.java:290)
	at org.junit.platform.engine.support.hierarchical.ThrowableCollector.execute(ThrowableCollector.java:73)
	at org.junit.jupiter.engine.descriptor.ClassBasedTestDescriptor.instantiateAndPostProcessTestInstance(ClassBasedTestDescriptor.java:289)
	at org.junit.jupiter.engine.descriptor.ClassBasedTestDescriptor.lambda$testInstancesProvider$4(ClassBasedTestDescriptor.java:279)
	at java.base/java.util.Optional.orElseGet(Optional.java:364)
	at org.junit.jupiter.engine.descriptor.ClassBasedTestDescriptor.lambda$testInstancesProvider$5(ClassBasedTestDescriptor.java:278)
	at org.junit.jupiter.engine.execution.TestInstancesProvider.getTestInstances(TestInstancesProvider.java:31)
	at org.junit.jupiter.engine.descriptor.TestMethodTestDescriptor.lambda$prepare$0(TestMethodTestDescriptor.java:106)
	at org.junit.platform.engine.support.hierarchical.ThrowableCollector.execute(ThrowableCollector.java:73)
	at org.junit.jupiter.engine.descriptor.TestMethodTestDescriptor.prepare(TestMethodTestDescriptor.java:105)
	at org.junit.jupiter.engine.descriptor.TestMethodTestDescriptor.prepare(TestMethodTestDescriptor.java:69)
	at org.junit.platform.engine.support.hierarchical.NodeTestTask.lambda$prepare$2(NodeTestTask.java:123)
	at org.junit.platform.engine.support.hierarchical.ThrowableCollector.execute(ThrowableCollector.java:73)
	at org.junit.platform.engine.support.hierarchical.NodeTestTask.prepare(NodeTestTask.java:123)
	at org.junit.platform.engine.support.hierarchical.NodeTestTask.execute(NodeTestTask.java:90)
	at java.base/java.util.ArrayList.forEach(ArrayList.java:1596)
	at org.junit.platform.engine.support.hierarchical.SameThreadHierarchicalTestExecutorService.invokeAll(SameThreadHierarchicalTestExecutorService.java:41)
	at org.junit.platform.engine.support.hierarchical.NodeTestTask.lambda$executeRecursively$6(NodeTestTask.java:155)
	at org.junit.platform.engine.support.hierarchical.ThrowableCollector.execute(ThrowableCollector.java:73)
	at org.junit.platform.engine.support.hierarchical.NodeTestTask.lambda$executeRecursively$8(NodeTestTask.java:141)
	at org.junit.platform.engine.support.hierarchical.Node.around(Node.java:137)
	at org.junit.platform.engine.support.hierarchical.NodeTestTask.lambda$executeRecursively$9(NodeTestTask.java:139)
	at org.junit.platform.engine.support.hierarchical.ThrowableCollector.execute(ThrowableCollector.java:73)
	at org.junit.platform.engine.support.hierarchical.NodeTestTask.executeRecursively(NodeTestTask.java:138)
	at org.junit.platform.engine.support.hierarchical.NodeTestTask.execute(NodeTestTask.java:95)
	at java.base/java.util.ArrayList.forEach(ArrayList.java:1596)
	at org.junit.platform.engine.support.hierarchical.SameThreadHierarchicalTestExecutorService.invokeAll(SameThreadHierarchicalTestExecutorService.java:41)
	at org.junit.platform.engine.support.hierarchical.NodeTestTask.lambda$executeRecursively$6(NodeTestTask.java:155)
	at org.junit.platform.engine.support.hierarchical.ThrowableCollector.execute(ThrowableCollector.java:73)
	at org.junit.platform.engine.support.hierarchical.NodeTestTask.lambda$executeRecursively$8(NodeTestTask.java:141)
	at org.junit.platform.engine.support.hierarchical.Node.around(Node.java:137)
	at org.junit.platform.engine.support.hierarchical.NodeTestTask.lambda$executeRecursively$9(NodeTestTask.java:139)
	at org.junit.platform.engine.support.hierarchical.ThrowableCollector.execute(ThrowableCollector.java:73)
	at org.junit.platform.engine.support.hierarchical.NodeTestTask.executeRecursively(NodeTestTask.java:138)
	at org.junit.platform.engine.support.hierarchical.NodeTestTask.execute(NodeTestTask.java:95)
	at org.junit.platform.engine.support.hierarchical.SameThreadHierarchicalTestExecutorService.submit(SameThreadHierarchicalTestExecutorService.java:35)
	at org.junit.platform.engine.support.hierarchical.HierarchicalTestExecutor.execute(HierarchicalTestExecutor.java:57)
	at org.junit.platform.engine.support.hierarchical.HierarchicalTestEngine.execute(HierarchicalTestEngine.java:54)
	at org.junit.platform.launcher.core.EngineExecutionOrchestrator.execute(EngineExecutionOrchestrator.java:198)
	at org.junit.platform.launcher.core.EngineExecutionOrchestrator.execute(EngineExecutionOrchestrator.java:169)
	at org.junit.platform.launcher.core.EngineExecutionOrchestrator.execute(EngineExecutionOrchestrator.java:93)
	at org.junit.platform.launcher.core.EngineExecutionOrchestrator.lambda$execute$0(EngineExecutionOrchestrator.java:58)
	at org.junit.platform.launcher.core.EngineExecutionOrchestrator.withInterceptedStreams(EngineExecutionOrchestrator.java:141)
	at org.junit.platform.launcher.core.EngineExecutionOrchestrator.execute(EngineExecutionOrchestrator.java:57)
	at org.junit.platform.launcher.core.DefaultLauncher.execute(DefaultLauncher.java:103)
	at org.junit.platform.launcher.core.DefaultLauncher.execute(DefaultLauncher.java:85)
	at org.junit.platform.launcher.core.DelegatingLauncher.execute(DelegatingLauncher.java:47)
	at org.apache.maven.surefire.junitplatform.LazyLauncher.execute(LazyLauncher.java:56)
	at org.apache.maven.surefire.junitplatform.JUnitPlatformProvider.execute(JUnitPlatformProvider.java:184)
	at org.apache.maven.surefire.junitplatform.JUnitPlatformProvider.invokeAllTests(JUnitPlatformProvider.java:148)
	at org.apache.maven.surefire.junitplatform.JUnitPlatformProvider.invoke(JUnitPlatformProvider.java:122)
	at org.apache.maven.surefire.booter.ForkedBooter.runSuitesInProcess(ForkedBooter.java:385)
	at org.apache.maven.surefire.booter.ForkedBooter.execute(ForkedBooter.java:162)
	at org.apache.maven.surefire.booter.ForkedBooter.run(ForkedBooter.java:507)
	at org.apache.maven.surefire.booter.ForkedBooter.main(ForkedBooter.java:495)
Caused by: org.springframework.beans.factory.UnsatisfiedDependencyException: Error creating bean with name 'specPollingJob' defined in file [/Users/nishant/CODE/api-drift-engine/target/classes/com/enterprise/apidrift/config/SpecPollingJob.class]: Unsatisfied dependency expressed through constructor parameter 0: Error creating bean with name 'ingestionOrchestrator' defined in file [/Users/nishant/CODE/api-drift-engine/target/classes/com/enterprise/apidrift/service/IngestionOrchestrator.class]: Unsatisfied dependency expressed through constructor parameter 4: Error creating bean with name 'usageCorrelationService' defined in file [/Users/nishant/CODE/api-drift-engine/target/classes/com/enterprise/apidrift/engine/telemetry/UsageCorrelationService.class]: Unsatisfied dependency expressed through constructor parameter 0: Error creating bean with name 'telemetryRegistry' defined in file [/Users/nishant/CODE/api-drift-engine/target/classes/com/enterprise/apidrift/engine/telemetry/TelemetryRegistry.class]: Failed to instantiate [com.enterprise.apidrift.engine.telemetry.TelemetryRegistry]: Constructor threw exception
	at org.springframework.beans.factory.support.ConstructorResolver.createArgumentArray(ConstructorResolver.java:795)
	at org.springframework.beans.factory.support.ConstructorResolver.autowireConstructor(ConstructorResolver.java:237)
	at org.springframework.beans.factory.support.AbstractAutowireCapableBeanFactory.autowireConstructor(AbstractAutowireCapableBeanFactory.java:1357)
	at org.springframework.beans.factory.support.AbstractAutowireCapableBeanFactory.createBeanInstance(AbstractAutowireCapableBeanFactory.java:1194)
	at org.springframework.beans.factory.support.AbstractAutowireCapableBeanFactory.doCreateBean(AbstractAutowireCapableBeanFactory.java:562)
	at org.springframework.beans.factory.support.AbstractAutowireCapableBeanFactory.createBean(AbstractAutowireCapableBeanFactory.java:522)
	at org.springframework.beans.factory.support.AbstractBeanFactory.lambda$doGetBean$0(AbstractBeanFactory.java:337)
	at org.springframework.beans.factory.support.DefaultSingletonBeanRegistry.getSingleton(DefaultSingletonBeanRegistry.java:234)
	at org.springframework.beans.factory.support.AbstractBeanFactory.doGetBean(AbstractBeanFactory.java:335)
	at org.springframework.beans.factory.support.AbstractBeanFactory.getBean(AbstractBeanFactory.java:200)
	at org.springframework.beans.factory.support.DefaultListableBeanFactory.preInstantiateSingletons(DefaultListableBeanFactory.java:975)
	at org.springframework.context.support.AbstractApplicationContext.finishBeanFactoryInitialization(AbstractApplicationContext.java:962)
	at org.springframework.context.support.AbstractApplicationContext.refresh(AbstractApplicationContext.java:624)
	at org.springframework.boot.SpringApplication.refresh(SpringApplication.java:754)
	at org.springframework.boot.SpringApplication.refreshContext(SpringApplication.java:456)
	at org.springframework.boot.SpringApplication.run(SpringApplication.java:335)
	at org.springframework.boot.test.context.SpringBootContextLoader.lambda$loadContext$3(SpringBootContextLoader.java:137)
	at org.springframework.util.function.ThrowingSupplier.get(ThrowingSupplier.java:58)
	at org.springframework.util.function.ThrowingSupplier.get(ThrowingSupplier.java:46)
	at org.springframework.boot.SpringApplication.withHook(SpringApplication.java:1463)
	at org.springframework.boot.test.context.SpringBootContextLoader$ContextLoaderHook.run(SpringBootContextLoader.java:553)
	at org.springframework.boot.test.context.SpringBootContextLoader.loadContext(SpringBootContextLoader.java:137)
	at org.springframework.boot.test.context.SpringBootContextLoader.loadContext(SpringBootContextLoader.java:108)
	at org.springframework.test.context.cache.DefaultCacheAwareContextLoaderDelegate.loadContextInternal(DefaultCacheAwareContextLoaderDelegate.java:225)
	at org.springframework.test.context.cache.DefaultCacheAwareContextLoaderDelegate.loadContext(DefaultCacheAwareContextLoaderDelegate.java:152)
	... 73 common frames omitted
Caused by: org.springframework.beans.factory.UnsatisfiedDependencyException: Error creating bean with name 'ingestionOrchestrator' defined in file [/Users/nishant/CODE/api-drift-engine/target/classes/com/enterprise/apidrift/service/IngestionOrchestrator.class]: Unsatisfied dependency expressed through constructor parameter 4: Error creating bean with name 'usageCorrelationService' defined in file [/Users/nishant/CODE/api-drift-engine/target/classes/com/enterprise/apidrift/engine/telemetry/UsageCorrelationService.class]: Unsatisfied dependency expressed through constructor parameter 0: Error creating bean with name 'telemetryRegistry' defined in file [/Users/nishant/CODE/api-drift-engine/target/classes/com/enterprise/apidrift/engine/telemetry/TelemetryRegistry.class]: Failed to instantiate [com.enterprise.apidrift.engine.telemetry.TelemetryRegistry]: Constructor threw exception
	at org.springframework.beans.factory.support.ConstructorResolver.createArgumentArray(ConstructorResolver.java:795)
	at org.springframework.beans.factory.support.ConstructorResolver.autowireConstructor(ConstructorResolver.java:237)
	at org.springframework.beans.factory.support.AbstractAutowireCapableBeanFactory.autowireConstructor(AbstractAutowireCapableBeanFactory.java:1357)
	at org.springframework.beans.factory.support.AbstractAutowireCapableBeanFactory.createBeanInstance(AbstractAutowireCapableBeanFactory.java:1194)
	at org.springframework.beans.factory.support.AbstractAutowireCapableBeanFactory.doCreateBean(AbstractAutowireCapableBeanFactory.java:562)
	at org.springframework.beans.factory.support.AbstractAutowireCapableBeanFactory.createBean(AbstractAutowireCapableBeanFactory.java:522)
	at org.springframework.beans.factory.support.AbstractBeanFactory.lambda$doGetBean$0(AbstractBeanFactory.java:337)
	at org.springframework.beans.factory.support.DefaultSingletonBeanRegistry.getSingleton(DefaultSingletonBeanRegistry.java:234)
	at org.springframework.beans.factory.support.AbstractBeanFactory.doGetBean(AbstractBeanFactory.java:335)
	at org.springframework.beans.factory.support.AbstractBeanFactory.getBean(AbstractBeanFactory.java:200)
	at org.springframework.beans.factory.config.DependencyDescriptor.resolveCandidate(DependencyDescriptor.java:254)
	at org.springframework.beans.factory.support.DefaultListableBeanFactory.doResolveDependency(DefaultListableBeanFactory.java:1443)
	at org.springframework.beans.factory.support.DefaultListableBeanFactory.resolveDependency(DefaultListableBeanFactory.java:1353)
	at org.springframework.beans.factory.support.ConstructorResolver.resolveAutowiredArgument(ConstructorResolver.java:904)
	at org.springframework.beans.factory.support.ConstructorResolver.createArgumentArray(ConstructorResolver.java:782)
	... 97 common frames omitted
Caused by: org.springframework.beans.factory.UnsatisfiedDependencyException: Error creating bean with name 'usageCorrelationService' defined in file [/Users/nishant/CODE/api-drift-engine/target/classes/com/enterprise/apidrift/engine/telemetry/UsageCorrelationService.class]: Unsatisfied dependency expressed through constructor parameter 0: Error creating bean with name 'telemetryRegistry' defined in file [/Users/nishant/CODE/api-drift-engine/target/classes/com/enterprise/apidrift/engine/telemetry/TelemetryRegistry.class]: Failed to instantiate [com.enterprise.apidrift.engine.telemetry.TelemetryRegistry]: Constructor threw exception
	at org.springframework.beans.factory.support.ConstructorResolver.createArgumentArray(ConstructorResolver.java:795)
	at org.springframework.beans.factory.support.ConstructorResolver.autowireConstructor(ConstructorResolver.java:237)
	at org.springframework.beans.factory.support.AbstractAutowireCapableBeanFactory.autowireConstructor(AbstractAutowireCapableBeanFactory.java:1357)
	at org.springframework.beans.factory.support.AbstractAutowireCapableBeanFactory.createBeanInstance(AbstractAutowireCapableBeanFactory.java:1194)
	at org.springframework.beans.factory.support.AbstractAutowireCapableBeanFactory.doCreateBean(AbstractAutowireCapableBeanFactory.java:562)
	at org.springframework.beans.factory.support.AbstractAutowireCapableBeanFactory.createBean(AbstractAutowireCapableBeanFactory.java:522)
	at org.springframework.beans.factory.support.AbstractBeanFactory.lambda$doGetBean$0(AbstractBeanFactory.java:337)
	at org.springframework.beans.factory.support.DefaultSingletonBeanRegistry.getSingleton(DefaultSingletonBeanRegistry.java:234)
	at org.springframework.beans.factory.support.AbstractBeanFactory.doGetBean(AbstractBeanFactory.java:335)
	at org.springframework.beans.factory.support.AbstractBeanFactory.getBean(AbstractBeanFactory.java:200)
	at org.springframework.beans.factory.config.DependencyDescriptor.resolveCandidate(DependencyDescriptor.java:254)
	at org.springframework.beans.factory.support.DefaultListableBeanFactory.doResolveDependency(DefaultListableBeanFactory.java:1443)
	at org.springframework.beans.factory.support.DefaultListableBeanFactory.resolveDependency(DefaultListableBeanFactory.java:1353)
	at org.springframework.beans.factory.support.ConstructorResolver.resolveAutowiredArgument(ConstructorResolver.java:904)
	at org.springframework.beans.factory.support.ConstructorResolver.createArgumentArray(ConstructorResolver.java:782)
	... 111 common frames omitted
Caused by: org.springframework.beans.factory.BeanCreationException: Error creating bean with name 'telemetryRegistry' defined in file [/Users/nishant/CODE/api-drift-engine/target/classes/com/enterprise/apidrift/engine/telemetry/TelemetryRegistry.class]: Failed to instantiate [com.enterprise.apidrift.engine.telemetry.TelemetryRegistry]: Constructor threw exception
	at org.springframework.beans.factory.support.ConstructorResolver.instantiate(ConstructorResolver.java:318)
	at org.springframework.beans.factory.support.ConstructorResolver.autowireConstructor(ConstructorResolver.java:306)
	at org.springframework.beans.factory.support.AbstractAutowireCapableBeanFactory.autowireConstructor(AbstractAutowireCapableBeanFactory.java:1357)
	at org.springframework.beans.factory.support.AbstractAutowireCapableBeanFactory.createBeanInstance(AbstractAutowireCapableBeanFactory.java:1194)
	at org.springframework.beans.factory.support.AbstractAutowireCapableBeanFactory.doCreateBean(AbstractAutowireCapableBeanFactory.java:562)
	at org.springframework.beans.factory.support.AbstractAutowireCapableBeanFactory.createBean(AbstractAutowireCapableBeanFactory.java:522)
	at org.springframework.beans.factory.support.AbstractBeanFactory.lambda$doGetBean$0(AbstractBeanFactory.java:337)
	at org.springframework.beans.factory.support.DefaultSingletonBeanRegistry.getSingleton(DefaultSingletonBeanRegistry.java:234)
	at org.springframework.beans.factory.support.AbstractBeanFactory.doGetBean(AbstractBeanFactory.java:335)
	at org.springframework.beans.factory.support.AbstractBeanFactory.getBean(AbstractBeanFactory.java:200)
	at org.springframework.beans.factory.config.DependencyDescriptor.resolveCandidate(DependencyDescriptor.java:254)
	at org.springframework.beans.factory.support.DefaultListableBeanFactory.doResolveDependency(DefaultListableBeanFactory.java:1443)
	at org.springframework.beans.factory.support.DefaultListableBeanFactory.resolveDependency(DefaultListableBeanFactory.java:1353)
	at org.springframework.beans.factory.support.ConstructorResolver.resolveAutowiredArgument(ConstructorResolver.java:904)
	at org.springframework.beans.factory.support.ConstructorResolver.createArgumentArray(ConstructorResolver.java:782)
	... 125 common frames omitted
Caused by: org.springframework.beans.BeanInstantiationException: Failed to instantiate [com.enterprise.apidrift.engine.telemetry.TelemetryRegistry]: Constructor threw exception
	at org.springframework.beans.BeanUtils.instantiateClass(BeanUtils.java:221)
	at org.springframework.beans.factory.support.SimpleInstantiationStrategy.instantiate(SimpleInstantiationStrategy.java:111)
	at org.springframework.beans.factory.support.ConstructorResolver.instantiate(ConstructorResolver.java:315)
	... 139 common frames omitted
Caused by: org.springframework.dao.DataIntegrityViolationException: could not execute statement [Referential integrity constraint violation: "FKH6THY0UIC57DK32T5458E0KH0: PUBLIC.SERVICE_DEPENDENCIES FOREIGN KEY(VENDOR_ID) REFERENCES PUBLIC.VENDOR_CONFIGS(ID) (CAST(1 AS BIGINT))"; SQL statement:
insert into service_dependencies (created_at,endpoint_path,http_method,json_pointer,service_name,vendor_id,id) values (?,?,?,?,?,?,default) [23506-224]] [insert into service_dependencies (created_at,endpoint_path,http_method,json_pointer,service_name,vendor_id,id) values (?,?,?,?,?,?,default)]; SQL [insert into service_dependencies (created_at,endpoint_path,http_method,json_pointer,service_name,vendor_id,id) values (?,?,?,?,?,?,default)]; constraint [KH6THY0UIC57DK32T5458E0KH0]
	at org.springframework.orm.jpa.vendor.HibernateJpaDialect.convertHibernateAccessException(HibernateJpaDialect.java:290)
	at org.springframework.orm.jpa.vendor.HibernateJpaDialect.translateExceptionIfPossible(HibernateJpaDialect.java:241)
	at org.springframework.orm.jpa.AbstractEntityManagerFactoryBean.translateExceptionIfPossible(AbstractEntityManagerFactoryBean.java:550)
	at org.springframework.dao.support.ChainedPersistenceExceptionTranslator.translateExceptionIfPossible(ChainedPersistenceExceptionTranslator.java:61)
	at org.springframework.dao.support.DataAccessUtils.translateIfNecessary(DataAccessUtils.java:335)
	at org.springframework.dao.support.PersistenceExceptionTranslationInterceptor.invoke(PersistenceExceptionTranslationInterceptor.java:152)
	at org.springframework.aop.framework.ReflectiveMethodInvocation.proceed(ReflectiveMethodInvocation.java:184)
	at org.springframework.data.jpa.repository.support.CrudMethodMetadataPostProcessor$CrudMethodMetadataPopulatingMethodInterceptor.invoke(CrudMethodMetadataPostProcessor.java:165)
	at org.springframework.aop.framework.ReflectiveMethodInvocation.proceed(ReflectiveMethodInvocation.java:184)
	at org.springframework.aop.interceptor.ExposeInvocationInterceptor.invoke(ExposeInvocationInterceptor.java:97)
	at org.springframework.aop.framework.ReflectiveMethodInvocation.proceed(ReflectiveMethodInvocation.java:184)
	at org.springframework.aop.framework.JdkDynamicAopProxy.invoke(JdkDynamicAopProxy.java:223)
	at jdk.proxy2/jdk.proxy2.$Proxy161.save(Unknown Source)
	at com.enterprise.apidrift.engine.telemetry.TelemetryRegistry.register(TelemetryRegistry.java:63)
	at com.enterprise.apidrift.engine.telemetry.TelemetryRegistry.seedMockDataIfEmpty(TelemetryRegistry.java:78)
	at com.enterprise.apidrift.engine.telemetry.TelemetryRegistry.<init>(TelemetryRegistry.java:27)
	at java.base/jdk.internal.reflect.DirectConstructorHandleAccessor.newInstance(DirectConstructorHandleAccessor.java:62)
	at java.base/java.lang.reflect.Constructor.newInstanceWithCaller(Constructor.java:502)
	at java.base/java.lang.reflect.Constructor.newInstance(Constructor.java:486)
	at org.springframework.beans.BeanUtils.instantiateClass(BeanUtils.java:208)
	... 141 common frames omitted
Caused by: org.hibernate.exception.ConstraintViolationException: could not execute statement [Referential integrity constraint violation: "FKH6THY0UIC57DK32T5458E0KH0: PUBLIC.SERVICE_DEPENDENCIES FOREIGN KEY(VENDOR_ID) REFERENCES PUBLIC.VENDOR_CONFIGS(ID) (CAST(1 AS BIGINT))"; SQL statement:
insert into service_dependencies (created_at,endpoint_path,http_method,json_pointer,service_name,vendor_id,id) values (?,?,?,?,?,?,default) [23506-224]] [insert into service_dependencies (created_at,endpoint_path,http_method,json_pointer,service_name,vendor_id,id) values (?,?,?,?,?,?,default)]
	at org.hibernate.exception.internal.SQLExceptionTypeDelegate.convert(SQLExceptionTypeDelegate.java:62)
	at org.hibernate.exception.internal.StandardSQLExceptionConverter.convert(StandardSQLExceptionConverter.java:58)
	at org.hibernate.engine.jdbc.spi.SqlExceptionHelper.convert(SqlExceptionHelper.java:108)
	at org.hibernate.engine.jdbc.internal.ResultSetReturnImpl.executeUpdate(ResultSetReturnImpl.java:197)
	at org.hibernate.id.insert.GetGeneratedKeysDelegate.performMutation(GetGeneratedKeysDelegate.java:116)
	at org.hibernate.engine.jdbc.mutation.internal.MutationExecutorSingleNonBatched.performNonBatchedOperations(MutationExecutorSingleNonBatched.java:47)
	at org.hibernate.engine.jdbc.mutation.internal.AbstractMutationExecutor.execute(AbstractMutationExecutor.java:55)
	at org.hibernate.persister.entity.mutation.InsertCoordinatorStandard.doStaticInserts(InsertCoordinatorStandard.java:194)
	at org.hibernate.persister.entity.mutation.InsertCoordinatorStandard.coordinateInsert(InsertCoordinatorStandard.java:132)
	at org.hibernate.persister.entity.mutation.InsertCoordinatorStandard.insert(InsertCoordinatorStandard.java:95)
	at org.hibernate.action.internal.EntityIdentityInsertAction.execute(EntityIdentityInsertAction.java:85)
	at org.hibernate.engine.spi.ActionQueue.execute(ActionQueue.java:670)
	at org.hibernate.engine.spi.ActionQueue.addResolvedEntityInsertAction(ActionQueue.java:291)
	at org.hibernate.engine.spi.ActionQueue.addInsertAction(ActionQueue.java:272)
	at org.hibernate.engine.spi.ActionQueue.addAction(ActionQueue.java:322)
	at org.hibernate.event.internal.AbstractSaveEventListener.addInsertAction(AbstractSaveEventListener.java:391)
	at org.hibernate.event.internal.AbstractSaveEventListener.performSaveOrReplicate(AbstractSaveEventListener.java:305)
	at org.hibernate.event.internal.AbstractSaveEventListener.performSave(AbstractSaveEventListener.java:224)
	at org.hibernate.event.internal.AbstractSaveEventListener.saveWithGeneratedId(AbstractSaveEventListener.java:137)
	at org.hibernate.event.internal.DefaultPersistEventListener.entityIsTransient(DefaultPersistEventListener.java:175)
	at org.hibernate.event.internal.DefaultPersistEventListener.persist(DefaultPersistEventListener.java:93)
	at org.hibernate.event.internal.DefaultPersistEventListener.onPersist(DefaultPersistEventListener.java:77)
	at org.hibernate.event.internal.DefaultPersistEventListener.onPersist(DefaultPersistEventListener.java:54)
	at org.hibernate.event.service.internal.EventListenerGroupImpl.fireEventOnEachListener(EventListenerGroupImpl.java:127)
	at org.hibernate.internal.SessionImpl.firePersist(SessionImpl.java:757)
	at org.hibernate.internal.SessionImpl.persist(SessionImpl.java:741)
	at java.base/jdk.internal.reflect.DirectMethodHandleAccessor.invoke(DirectMethodHandleAccessor.java:103)
	at java.base/java.lang.reflect.Method.invoke(Method.java:580)
	at org.springframework.orm.jpa.SharedEntityManagerCreator$SharedEntityManagerInvocationHandler.invoke(SharedEntityManagerCreator.java:319)
	at jdk.proxy2/jdk.proxy2.$Proxy154.persist(Unknown Source)
	at org.springframework.data.jpa.repository.support.SimpleJpaRepository.save(SimpleJpaRepository.java:628)
	at java.base/jdk.internal.reflect.DirectMethodHandleAccessor.invoke(DirectMethodHandleAccessor.java:103)
	at java.base/java.lang.reflect.Method.invoke(Method.java:580)
	at org.springframework.aop.support.AopUtils.invokeJoinpointUsingReflection(AopUtils.java:354)
	at org.springframework.data.repository.core.support.RepositoryMethodInvoker$RepositoryFragmentMethodInvoker.lambda$new$0(RepositoryMethodInvoker.java:277)
	at org.springframework.data.repository.core.support.RepositoryMethodInvoker.doInvoke(RepositoryMethodInvoker.java:170)
	at org.springframework.data.repository.core.support.RepositoryMethodInvoker.invoke(RepositoryMethodInvoker.java:158)
	at org.springframework.data.repository.core.support.RepositoryComposition$RepositoryFragments.invoke(RepositoryComposition.java:516)
	at org.springframework.data.repository.core.support.RepositoryComposition.invoke(RepositoryComposition.java:285)
	at org.springframework.data.repository.core.support.RepositoryFactorySupport$ImplementationMethodExecutionInterceptor.invoke(RepositoryFactorySupport.java:628)
	at org.springframework.aop.framework.ReflectiveMethodInvocation.proceed(ReflectiveMethodInvocation.java:184)
	at org.springframework.data.repository.core.support.QueryExecutorMethodInterceptor.doInvoke(QueryExecutorMethodInterceptor.java:168)
	at org.springframework.data.repository.core.support.QueryExecutorMethodInterceptor.invoke(QueryExecutorMethodInterceptor.java:143)
	at org.springframework.aop.framework.ReflectiveMethodInvocation.proceed(ReflectiveMethodInvocation.java:184)
	at org.springframework.data.projection.DefaultMethodInvokingMethodInterceptor.invoke(DefaultMethodInvokingMethodInterceptor.java:70)
	at org.springframework.aop.framework.ReflectiveMethodInvocation.proceed(ReflectiveMethodInvocation.java:184)
	at org.springframework.transaction.interceptor.TransactionInterceptor$1.proceedWithInvocation(TransactionInterceptor.java:123)
	at org.springframework.transaction.interceptor.TransactionAspectSupport.invokeWithinTransaction(TransactionAspectSupport.java:392)
	at org.springframework.transaction.interceptor.TransactionInterceptor.invoke(TransactionInterceptor.java:119)
	at org.springframework.aop.framework.ReflectiveMethodInvocation.proceed(ReflectiveMethodInvocation.java:184)
	at org.springframework.dao.support.PersistenceExceptionTranslationInterceptor.invoke(PersistenceExceptionTranslationInterceptor.java:137)
	... 155 common frames omitted
Caused by: org.h2.jdbc.JdbcSQLIntegrityConstraintViolationException: Referential integrity constraint violation: "FKH6THY0UIC57DK32T5458E0KH0: PUBLIC.SERVICE_DEPENDENCIES FOREIGN KEY(VENDOR_ID) REFERENCES PUBLIC.VENDOR_CONFIGS(ID) (CAST(1 AS BIGINT))"; SQL statement:
insert into service_dependencies (created_at,endpoint_path,http_method,json_pointer,service_name,vendor_id,id) values (?,?,?,?,?,?,default) [23506-224]
	at org.h2.message.DbException.getJdbcSQLException(DbException.java:520)
	at org.h2.message.DbException.getJdbcSQLException(DbException.java:489)
	at org.h2.message.DbException.get(DbException.java:223)
	at org.h2.message.DbException.get(DbException.java:199)
	at org.h2.constraint.ConstraintReferential.checkRowOwnTable(ConstraintReferential.java:311)
	at org.h2.constraint.ConstraintReferential.checkRow(ConstraintReferential.java:252)
	at org.h2.table.Table.fireConstraints(Table.java:1200)
	at org.h2.table.Table.fireAfterRow(Table.java:1218)
	at org.h2.command.dml.Insert.insertRows(Insert.java:188)
	at org.h2.command.dml.Insert.update(Insert.java:135)
	at org.h2.command.CommandContainer.executeUpdateWithGeneratedKeys(CommandContainer.java:242)
	at org.h2.command.CommandContainer.update(CommandContainer.java:163)
	at org.h2.command.Command.executeUpdate(Command.java:256)
	at org.h2.jdbc.JdbcPreparedStatement.executeUpdateInternal(JdbcPreparedStatement.java:216)
	at org.h2.jdbc.JdbcPreparedStatement.executeUpdate(JdbcPreparedStatement.java:174)
	at com.zaxxer.hikari.pool.ProxyPreparedStatement.executeUpdate(ProxyPreparedStatement.java:61)
	at com.zaxxer.hikari.pool.HikariProxyPreparedStatement.executeUpdate(HikariProxyPreparedStatement.java)
	at org.hibernate.engine.jdbc.internal.ResultSetReturnImpl.executeUpdate(ResultSetReturnImpl.java:194)
	... 202 common frames omitted
2026-07-29 21:31:53.510 INFO  [main] c.e.a.ApiDriftApplicationTests : Starting ApiDriftApplicationTests using Java 21.0.2 with PID 84413 (started by nishant in /Users/nishant/CODE/api-drift-engine)
2026-07-29 21:31:53.510 DEBUG [main] c.e.a.ApiDriftApplicationTests : Running with Spring Boot v3.3.0, Spring v6.1.8
2026-07-29 21:31:53.510 INFO  [main] c.e.a.ApiDriftApplicationTests : The following 1 profile is active: "test"
2026-07-29 21:31:54.877 WARN  [main] org.hibernate.orm.deprecation : HHH90000025: H2Dialect does not need to be specified explicitly using 'hibernate.dialect' (remove the property setting and it will be selected by default)
2026-07-29 21:31:56.240 INFO  [main] c.e.a.e.telemetry.TelemetryRegistry : No seed vendors found — skipping telemetry mock data seed
2026-07-29 21:31:56.304 ERROR [main] i.n.r.d.DnsServerAddressStreamProviders : Unable to load io.netty.resolver.dns.macos.MacOSDnsServerAddressStreamProvider, fallback to system defaults. This may result in incorrect DNS resolutions on MacOS. Check whether you have a dependency on 'io.netty:netty-resolver-dns-native-macos'. Use DEBUG level to see the full stack: java.lang.UnsatisfiedLinkError: failed to load the required native library
2026-07-29 21:31:56.383 INFO  [main] c.e.a.service.EncryptionService : Encryption service initialized with AES-256-GCM
2026-07-29 21:31:56.489 WARN  [main] o.s.b.a.o.j.JpaBaseConfiguration$JpaWebConfiguration : spring.jpa.open-in-view is enabled by default. Therefore, database queries may be performed during view rendering. Explicitly configure spring.jpa.open-in-view to disable this warning
2026-07-29 21:31:57.125 INFO  [main] c.e.a.ApiDriftApplicationTests : Started ApiDriftApplicationTests in 3.829 seconds (process running for 4.318)
2026-07-29 21:32:09.089 INFO  [main] c.e.a.ApiDriftApplicationTests : Starting ApiDriftApplicationTests using Java 21.0.2 with PID 84564 (started by nishant in /Users/nishant/CODE/api-drift-engine)
2026-07-29 21:32:09.089 DEBUG [main] c.e.a.ApiDriftApplicationTests : Running with Spring Boot v3.3.0, Spring v6.1.8
2026-07-29 21:32:09.090 INFO  [main] c.e.a.ApiDriftApplicationTests : The following 1 profile is active: "test"
2026-07-29 21:32:10.547 WARN  [main] org.hibernate.orm.deprecation : HHH90000025: H2Dialect does not need to be specified explicitly using 'hibernate.dialect' (remove the property setting and it will be selected by default)
2026-07-29 21:32:12.096 INFO  [main] c.e.a.e.telemetry.TelemetryRegistry : No seed vendors found — skipping telemetry mock data seed
2026-07-29 21:32:12.176 ERROR [main] i.n.r.d.DnsServerAddressStreamProviders : Unable to load io.netty.resolver.dns.macos.MacOSDnsServerAddressStreamProvider, fallback to system defaults. This may result in incorrect DNS resolutions on MacOS. Check whether you have a dependency on 'io.netty:netty-resolver-dns-native-macos'. Use DEBUG level to see the full stack: java.lang.UnsatisfiedLinkError: failed to load the required native library
2026-07-29 21:32:12.267 INFO  [main] c.e.a.service.EncryptionService : Encryption service initialized with AES-256-GCM
2026-07-29 21:32:12.376 WARN  [main] o.s.b.a.o.j.JpaBaseConfiguration$JpaWebConfiguration : spring.jpa.open-in-view is enabled by default. Therefore, database queries may be performed during view rendering. Explicitly configure spring.jpa.open-in-view to disable this warning
2026-07-29 21:32:13.085 INFO  [main] c.e.a.ApiDriftApplicationTests : Started ApiDriftApplicationTests in 4.236 seconds (process running for 4.876)
2026-07-29 21:37:49.309 INFO  [main] c.e.a.ApiDriftApplicationTests : Starting ApiDriftApplicationTests using Java 21.0.2 with PID 85676 (started by nishant in /Users/nishant/CODE/api-drift-engine)
2026-07-29 21:37:49.310 DEBUG [main] c.e.a.ApiDriftApplicationTests : Running with Spring Boot v3.3.0, Spring v6.1.8
2026-07-29 21:37:49.310 INFO  [main] c.e.a.ApiDriftApplicationTests : The following 1 profile is active: "test"
2026-07-29 21:37:50.678 WARN  [main] org.hibernate.orm.deprecation : HHH90000025: H2Dialect does not need to be specified explicitly using 'hibernate.dialect' (remove the property setting and it will be selected by default)
2026-07-29 21:37:51.935 DEBUG [main] c.e.a.e.telemetry.TelemetryRegistry : Mock data seeding is disabled (telemetry.seed-mock-data=false)
2026-07-29 21:37:51.999 ERROR [main] i.n.r.d.DnsServerAddressStreamProviders : Unable to load io.netty.resolver.dns.macos.MacOSDnsServerAddressStreamProvider, fallback to system defaults. This may result in incorrect DNS resolutions on MacOS. Check whether you have a dependency on 'io.netty:netty-resolver-dns-native-macos'. Use DEBUG level to see the full stack: java.lang.UnsatisfiedLinkError: failed to load the required native library
2026-07-29 21:37:52.103 INFO  [main] c.e.a.service.EncryptionService : Encryption service initialized with AES-256-GCM
2026-07-29 21:37:52.187 WARN  [main] o.s.b.a.o.j.JpaBaseConfiguration$JpaWebConfiguration : spring.jpa.open-in-view is enabled by default. Therefore, database queries may be performed during view rendering. Explicitly configure spring.jpa.open-in-view to disable this warning
2026-07-29 21:37:52.848 INFO  [main] c.e.a.ApiDriftApplicationTests : Started ApiDriftApplicationTests in 3.757 seconds (process running for 4.246)
2026-07-29 21:39:16.486 INFO  [main] c.e.a.ApiDriftApplicationTests : Starting ApiDriftApplicationTests using Java 21.0.2 with PID 86519 (started by nishant in /Users/nishant/CODE/api-drift-engine)
2026-07-29 21:39:16.486 DEBUG [main] c.e.a.ApiDriftApplicationTests : Running with Spring Boot v3.3.0, Spring v6.1.8
2026-07-29 21:39:16.487 INFO  [main] c.e.a.ApiDriftApplicationTests : The following 1 profile is active: "test"
2026-07-29 21:39:17.801 WARN  [main] org.hibernate.orm.deprecation : HHH90000025: H2Dialect does not need to be specified explicitly using 'hibernate.dialect' (remove the property setting and it will be selected by default)
2026-07-29 21:39:19.130 DEBUG [main] c.e.a.e.telemetry.TelemetryRegistry : Mock data seeding is disabled (telemetry.seed-mock-data=false)
2026-07-29 21:39:19.191 ERROR [main] i.n.r.d.DnsServerAddressStreamProviders : Unable to load io.netty.resolver.dns.macos.MacOSDnsServerAddressStreamProvider, fallback to system defaults. This may result in incorrect DNS resolutions on MacOS. Check whether you have a dependency on 'io.netty:netty-resolver-dns-native-macos'. Use DEBUG level to see the full stack: java.lang.UnsatisfiedLinkError: failed to load the required native library
2026-07-29 21:39:19.290 INFO  [main] c.e.a.service.EncryptionService : Encryption service initialized with AES-256-GCM
2026-07-29 21:39:19.397 WARN  [main] o.s.b.a.o.j.JpaBaseConfiguration$JpaWebConfiguration : spring.jpa.open-in-view is enabled by default. Therefore, database queries may be performed during view rendering. Explicitly configure spring.jpa.open-in-view to disable this warning
2026-07-29 21:39:20.037 INFO  [main] c.e.a.ApiDriftApplicationTests : Started ApiDriftApplicationTests in 3.759 seconds (process running for 4.243)
2026-07-29 21:39:20.452 WARN  [main] c.e.a.service.VendorHealthService : Vendor 1 fetch failure 1/3 (1 total) — will retry
2026-07-29 21:39:20.454 INFO  [main] c.e.a.service.VendorHealthService : Vendor 1 circuit closed — fetch succeeded after 1 consecutive failures
2026-07-29 21:39:20.454 WARN  [main] c.e.a.service.VendorHealthService : Vendor 1 fetch failure 1/3 (1 total) — will retry
2026-07-29 21:39:20.457 WARN  [main] c.e.a.service.VendorHealthService : Vendor 1 fetch failure 1/3 (1 total) — will retry
2026-07-29 21:39:20.457 WARN  [main] c.e.a.service.VendorHealthService : Vendor 1 fetch failure 2/3 (2 total) — will retry
2026-07-29 21:39:20.457 WARN  [main] c.e.a.service.VendorHealthService : Vendor 1 fetch failure 1/3 (1 total) — will retry
2026-07-29 21:39:20.458 WARN  [main] c.e.a.service.VendorHealthService : Vendor 1 fetch failure 2/3 (2 total) — will retry
2026-07-29 21:39:20.458 INFO  [main] c.e.a.service.VendorHealthService : Vendor 1 circuit closed — fetch succeeded after 2 consecutive failures
2026-07-29 21:39:20.459 WARN  [main] c.e.a.service.VendorHealthService : Vendor 1 fetch failure 1/3 (1 total) — will retry
2026-07-29 21:39:20.460 WARN  [main] c.e.a.service.VendorHealthService : Vendor 1 fetch failure 1/3 (1 total) — will retry
2026-07-29 21:39:20.460 WARN  [main] c.e.a.service.VendorHealthService : Vendor 1 fetch failure 2/3 (2 total) — will retry
2026-07-29 21:39:20.460 WARN  [main] c.e.a.service.VendorHealthService : Vendor 1 circuit OPEN — 3 consecutive fetch failures, pausing for 1 min
2026-07-29 21:39:20.460 WARN  [main] c.e.a.service.VendorHealthService : Vendor 2 fetch failure 1/3 (1 total) — will retry
2026-07-29 21:39:20.461 WARN  [main] c.e.a.service.VendorHealthService : Vendor 1 fetch failure 1/3 (1 total) — will retry
2026-07-29 21:39:20.461 WARN  [main] c.e.a.service.VendorHealthService : Vendor 1 fetch failure 2/3 (2 total) — will retry
2026-07-29 21:39:20.461 WARN  [main] c.e.a.service.VendorHealthService : Vendor 1 circuit OPEN — 3 consecutive fetch failures, pausing for 30 min
2026-07-29 21:39:20.462 WARN  [main] c.e.a.service.VendorHealthService : Vendor 1 fetch failure 1/3 (1 total) — will retry
2026-07-29 21:39:20.462 WARN  [main] c.e.a.service.VendorHealthService : Vendor 1 fetch failure 2/3 (2 total) — will retry
2026-07-29 21:39:20.462 WARN  [main] c.e.a.service.VendorHealthService : Vendor 1 circuit OPEN — 3 consecutive fetch failures, pausing for 1 min
2026-07-29 21:39:20.462 INFO  [main] c.e.a.service.VendorHealthService : Vendor 1 circuit closed — fetch succeeded after 3 consecutive failures
2026-07-29 21:39:20.463 WARN  [main] c.e.a.service.VendorHealthService : Vendor 1 fetch failure 1/3 (1 total) — will retry
2026-07-29 21:39:20.463 WARN  [main] c.e.a.service.VendorHealthService : Vendor 1 fetch failure 2/3 (2 total) — will retry
2026-07-29 21:39:20.463 WARN  [main] c.e.a.service.VendorHealthService : Vendor 1 circuit OPEN — 3 consecutive fetch failures, pausing for 1 min
2026-07-29 21:39:20.463 INFO  [main] c.e.a.service.VendorHealthService : Vendor 1 health state reset
2026-07-29 21:39:20.465 WARN  [main] c.e.a.service.VendorHealthService : Vendor 1 fetch failure 1/3 (1 total) — will retry
2026-07-29 21:39:20.466 WARN  [main] c.e.a.service.VendorHealthService : Vendor 1 fetch failure 2/3 (2 total) — will retry
2026-07-29 21:39:20.466 WARN  [main] c.e.a.service.VendorHealthService : Vendor 1 circuit OPEN — 3 consecutive fetch failures, pausing for 1 min
2026-07-29 21:39:20.466 WARN  [main] c.e.a.service.VendorHealthService : Vendor 1 fetch failure 1/3 (1 total) — will retry
2026-07-29 21:59:54.212 INFO  [main] c.e.a.ApiDriftApplicationTests : Starting ApiDriftApplicationTests using Java 21.0.2 with PID 89418 (started by nishant in /Users/nishant/CODE/api-drift-engine)
2026-07-29 21:59:54.212 DEBUG [main] c.e.a.ApiDriftApplicationTests : Running with Spring Boot v3.3.0, Spring v6.1.8
2026-07-29 21:59:54.213 INFO  [main] c.e.a.ApiDriftApplicationTests : The following 1 profile is active: "test"
2026-07-29 21:59:55.723 WARN  [main] org.hibernate.orm.deprecation : HHH90000025: H2Dialect does not need to be specified explicitly using 'hibernate.dialect' (remove the property setting and it will be selected by default)
2026-07-29 21:59:57.381 DEBUG [main] c.e.a.e.telemetry.TelemetryRegistry : Mock data seeding is disabled (telemetry.seed-mock-data=false)
2026-07-29 21:59:57.469 ERROR [main] i.n.r.d.DnsServerAddressStreamProviders : Unable to load io.netty.resolver.dns.macos.MacOSDnsServerAddressStreamProvider, fallback to system defaults. This may result in incorrect DNS resolutions on MacOS. Check whether you have a dependency on 'io.netty:netty-resolver-dns-native-macos'. Use DEBUG level to see the full stack: java.lang.UnsatisfiedLinkError: failed to load the required native library
2026-07-29 21:59:57.589 INFO  [main] c.e.a.service.EncryptionService : Encryption service initialized with AES-256-GCM
2026-07-29 21:59:57.685 WARN  [main] o.s.b.a.o.j.JpaBaseConfiguration$JpaWebConfiguration : spring.jpa.open-in-view is enabled by default. Therefore, database queries may be performed during view rendering. Explicitly configure spring.jpa.open-in-view to disable this warning
2026-07-29 21:59:58.352 INFO  [main] c.e.a.ApiDriftApplicationTests : Started ApiDriftApplicationTests in 4.367 seconds (process running for 5.208)
2026-07-29 21:59:58.797 WARN  [main] c.e.a.service.VendorHealthService : Vendor 1 fetch failure 1/3 (1 total) — will retry
2026-07-29 21:59:58.798 INFO  [main] c.e.a.service.VendorHealthService : Vendor 1 circuit closed — fetch succeeded after 1 consecutive failures
2026-07-29 21:59:58.798 WARN  [main] c.e.a.service.VendorHealthService : Vendor 1 fetch failure 1/3 (1 total) — will retry
2026-07-29 21:59:58.799 WARN  [main] c.e.a.service.VendorHealthService : Vendor 1 fetch failure 1/3 (1 total) — will retry
2026-07-29 21:59:58.799 WARN  [main] c.e.a.service.VendorHealthService : Vendor 1 fetch failure 2/3 (2 total) — will retry
2026-07-29 21:59:58.800 WARN  [main] c.e.a.service.VendorHealthService : Vendor 1 fetch failure 1/3 (1 total) — will retry
2026-07-29 21:59:58.800 WARN  [main] c.e.a.service.VendorHealthService : Vendor 1 fetch failure 2/3 (2 total) — will retry
2026-07-29 21:59:58.800 INFO  [main] c.e.a.service.VendorHealthService : Vendor 1 circuit closed — fetch succeeded after 2 consecutive failures
2026-07-29 21:59:58.801 WARN  [main] c.e.a.service.VendorHealthService : Vendor 1 fetch failure 1/3 (1 total) — will retry
2026-07-29 21:59:58.801 WARN  [main] c.e.a.service.VendorHealthService : Vendor 1 fetch failure 1/3 (1 total) — will retry
2026-07-29 21:59:58.801 WARN  [main] c.e.a.service.VendorHealthService : Vendor 1 fetch failure 2/3 (2 total) — will retry
2026-07-29 21:59:58.801 WARN  [main] c.e.a.service.VendorHealthService : Vendor 1 circuit OPEN — 3 consecutive fetch failures, pausing for 1 min
2026-07-29 21:59:58.801 WARN  [main] c.e.a.service.VendorHealthService : Vendor 2 fetch failure 1/3 (1 total) — will retry
2026-07-29 21:59:58.802 WARN  [main] c.e.a.service.VendorHealthService : Vendor 1 fetch failure 1/3 (1 total) — will retry
2026-07-29 21:59:58.802 WARN  [main] c.e.a.service.VendorHealthService : Vendor 1 fetch failure 2/3 (2 total) — will retry
2026-07-29 21:59:58.802 WARN  [main] c.e.a.service.VendorHealthService : Vendor 1 circuit OPEN — 3 consecutive fetch failures, pausing for 30 min
2026-07-29 21:59:58.806 WARN  [main] c.e.a.service.VendorHealthService : Vendor 1 fetch failure 1/3 (1 total) — will retry
2026-07-29 21:59:58.806 WARN  [main] c.e.a.service.VendorHealthService : Vendor 1 fetch failure 2/3 (2 total) — will retry
2026-07-29 21:59:58.806 WARN  [main] c.e.a.service.VendorHealthService : Vendor 1 circuit OPEN — 3 consecutive fetch failures, pausing for 1 min
2026-07-29 21:59:58.806 INFO  [main] c.e.a.service.VendorHealthService : Vendor 1 circuit closed — fetch succeeded after 3 consecutive failures
2026-07-29 21:59:58.807 WARN  [main] c.e.a.service.VendorHealthService : Vendor 1 fetch failure 1/3 (1 total) — will retry
2026-07-29 21:59:58.807 WARN  [main] c.e.a.service.VendorHealthService : Vendor 1 fetch failure 2/3 (2 total) — will retry
2026-07-29 21:59:58.807 WARN  [main] c.e.a.service.VendorHealthService : Vendor 1 circuit OPEN — 3 consecutive fetch failures, pausing for 1 min
2026-07-29 21:59:58.807 INFO  [main] c.e.a.service.VendorHealthService : Vendor 1 health state reset
2026-07-29 21:59:58.810 WARN  [main] c.e.a.service.VendorHealthService : Vendor 1 fetch failure 1/3 (1 total) — will retry
2026-07-29 21:59:58.810 WARN  [main] c.e.a.service.VendorHealthService : Vendor 1 fetch failure 2/3 (2 total) — will retry
2026-07-29 21:59:58.810 WARN  [main] c.e.a.service.VendorHealthService : Vendor 1 circuit OPEN — 3 consecutive fetch failures, pausing for 1 min
2026-07-29 21:59:58.810 WARN  [main] c.e.a.service.VendorHealthService : Vendor 1 fetch failure 1/3 (1 total) — will retry
2026-07-29 21:59:59.011 DEBUG [main] c.e.a.engine.FingerprintService : Fingerprint 13d64596c0d56951de024b495b7b912546c6d214260bafcefb98c00b8063c77e already active, suppressing duplicate alert
2026-07-29 21:59:59.011 INFO  [main] c.e.a.engine.FingerprintService : Fingerprint abc123 auto-resolved (no longer detected)
2026-07-29 21:59:59.012 INFO  [main] c.e.a.engine.FingerprintService : Dedup complete: 1 total changes, 0 alertable
2026-07-29 21:59:59.020 INFO  [main] c.e.a.engine.FingerprintService : Fingerprint 13d64596c0d56951de024b495b7b912546c6d214260bafcefb98c00b8063c77e RESOLVED → re-activated, alerting
2026-07-29 21:59:59.020 INFO  [main] c.e.a.engine.FingerprintService : Dedup complete: 1 total changes, 1 alertable
2026-07-29 21:59:59.027 INFO  [main] c.e.a.engine.FingerprintService : New fingerprint 13d64596c0d56951de024b495b7b912546c6d214260bafcefb98c00b8063c77e created, alerting
2026-07-29 21:59:59.028 INFO  [main] c.e.a.engine.FingerprintService : Dedup complete: 1 total changes, 1 alertable
2026-07-29 21:59:59.035 INFO  [main] c.e.a.engine.FingerprintService : Dedup complete: 0 total changes, 0 alertable
2026-07-29 21:59:59.045 INFO  [main] c.e.a.engine.FingerprintService : New fingerprint b63b7d124cde498536c7539883efdac759e51660608d64c8cc434b3e8e4a0008 created, alerting
2026-07-29 21:59:59.046 INFO  [main] c.e.a.engine.FingerprintService : Fingerprint old-hash auto-resolved (no longer detected)
2026-07-29 21:59:59.046 INFO  [main] c.e.a.engine.FingerprintService : Dedup complete: 1 total changes, 1 alertable
2026-07-29 21:59:59.061 INFO  [main] c.e.a.e.DirectionalCompatibilityEvaluator : Compatibility evaluation complete: 0 total changes, 0 breaking
2026-07-29 21:59:59.064 INFO  [main] c.e.a.e.DirectionalCompatibilityEvaluator : Compatibility evaluation complete: 1 total changes, 1 breaking
2026-07-29 21:59:59.067 INFO  [main] c.e.a.e.DirectionalCompatibilityEvaluator : Compatibility evaluation complete: 1 total changes, 1 breaking
2026-07-29 21:59:59.068 INFO  [main] c.e.a.e.DirectionalCompatibilityEvaluator : Compatibility evaluation complete: 1 total changes, 0 breaking
2026-07-29 21:59:59.071 INFO  [main] c.e.a.e.DirectionalCompatibilityEvaluator : Compatibility evaluation complete: 4 total changes, 2 breaking
2026-07-29 21:59:59.074 INFO  [main] c.e.a.e.DirectionalCompatibilityEvaluator : Compatibility evaluation complete: 0 total changes, 0 breaking
2026-07-29 21:59:59.076 INFO  [main] c.e.a.e.DirectionalCompatibilityEvaluator : Compatibility evaluation complete: 2 total changes, 1 breaking
2026-07-29 21:59:59.077 INFO  [main] c.e.a.e.DirectionalCompatibilityEvaluator : Compatibility evaluation complete: 1 total changes, 0 breaking
2026-07-29 21:59:59.083 INFO  [main] c.e.a.e.DirectionalCompatibilityEvaluator : Compatibility evaluation complete: 1 total changes, 1 breaking
2026-07-29 22:01:09.060 INFO  [main] c.e.a.ApiDriftApplicationTests : Starting ApiDriftApplicationTests using Java 21.0.2 with PID 89613 (started by nishant in /Users/nishant/CODE/api-drift-engine)
2026-07-29 22:01:09.061 DEBUG [main] c.e.a.ApiDriftApplicationTests : Running with Spring Boot v3.3.0, Spring v6.1.8
2026-07-29 22:01:09.061 INFO  [main] c.e.a.ApiDriftApplicationTests : The following 1 profile is active: "test"
2026-07-29 22:01:13.233 WARN  [main] org.hibernate.orm.deprecation : HHH90000025: H2Dialect does not need to be specified explicitly using 'hibernate.dialect' (remove the property setting and it will be selected by default)
2026-07-29 22:01:15.742 DEBUG [main] c.e.a.e.telemetry.TelemetryRegistry : Mock data seeding is disabled (telemetry.seed-mock-data=false)
2026-07-29 22:01:15.881 ERROR [main] i.n.r.d.DnsServerAddressStreamProviders : Unable to load io.netty.resolver.dns.macos.MacOSDnsServerAddressStreamProvider, fallback to system defaults. This may result in incorrect DNS resolutions on MacOS. Check whether you have a dependency on 'io.netty:netty-resolver-dns-native-macos'. Use DEBUG level to see the full stack: java.lang.UnsatisfiedLinkError: failed to load the required native library
2026-07-29 22:01:16.139 INFO  [main] c.e.a.service.EncryptionService : Encryption service initialized with AES-256-GCM
2026-07-29 22:01:16.435 WARN  [main] o.s.b.a.o.j.JpaBaseConfiguration$JpaWebConfiguration : spring.jpa.open-in-view is enabled by default. Therefore, database queries may be performed during view rendering. Explicitly configure spring.jpa.open-in-view to disable this warning
2026-07-29 22:01:17.819 INFO  [main] c.e.a.ApiDriftApplicationTests : Started ApiDriftApplicationTests in 9.113 seconds (process running for 10.345)
2026-07-29 22:01:18.489 WARN  [main] c.e.a.service.VendorHealthService : Vendor 1 fetch failure 1/3 (1 total) — will retry
2026-07-29 22:01:18.491 INFO  [main] c.e.a.service.VendorHealthService : Vendor 1 circuit closed — fetch succeeded after 1 consecutive failures
2026-07-29 22:01:18.492 WARN  [main] c.e.a.service.VendorHealthService : Vendor 1 fetch failure 1/3 (1 total) — will retry
2026-07-29 22:01:18.494 WARN  [main] c.e.a.service.VendorHealthService : Vendor 1 fetch failure 1/3 (1 total) — will retry
2026-07-29 22:01:18.494 WARN  [main] c.e.a.service.VendorHealthService : Vendor 1 fetch failure 2/3 (2 total) — will retry
2026-07-29 22:01:18.495 WARN  [main] c.e.a.service.VendorHealthService : Vendor 1 fetch failure 1/3 (1 total) — will retry
2026-07-29 22:01:18.495 WARN  [main] c.e.a.service.VendorHealthService : Vendor 1 fetch failure 2/3 (2 total) — will retry
2026-07-29 22:01:18.495 INFO  [main] c.e.a.service.VendorHealthService : Vendor 1 circuit closed — fetch succeeded after 2 consecutive failures
2026-07-29 22:01:18.496 WARN  [main] c.e.a.service.VendorHealthService : Vendor 1 fetch failure 1/3 (1 total) — will retry
2026-07-29 22:01:18.497 WARN  [main] c.e.a.service.VendorHealthService : Vendor 1 fetch failure 1/3 (1 total) — will retry
2026-07-29 22:01:18.497 WARN  [main] c.e.a.service.VendorHealthService : Vendor 1 fetch failure 2/3 (2 total) — will retry
2026-07-29 22:01:18.497 WARN  [main] c.e.a.service.VendorHealthService : Vendor 1 circuit OPEN — 3 consecutive fetch failures, pausing for 1 min
2026-07-29 22:01:18.498 WARN  [main] c.e.a.service.VendorHealthService : Vendor 2 fetch failure 1/3 (1 total) — will retry
2026-07-29 22:01:18.499 WARN  [main] c.e.a.service.VendorHealthService : Vendor 1 fetch failure 1/3 (1 total) — will retry
2026-07-29 22:01:18.499 WARN  [main] c.e.a.service.VendorHealthService : Vendor 1 fetch failure 2/3 (2 total) — will retry
2026-07-29 22:01:18.499 WARN  [main] c.e.a.service.VendorHealthService : Vendor 1 circuit OPEN — 3 consecutive fetch failures, pausing for 30 min
2026-07-29 22:01:18.500 WARN  [main] c.e.a.service.VendorHealthService : Vendor 1 fetch failure 1/3 (1 total) — will retry
2026-07-29 22:01:18.501 WARN  [main] c.e.a.service.VendorHealthService : Vendor 1 fetch failure 2/3 (2 total) — will retry
2026-07-29 22:01:18.501 WARN  [main] c.e.a.service.VendorHealthService : Vendor 1 circuit OPEN — 3 consecutive fetch failures, pausing for 1 min
2026-07-29 22:01:18.501 INFO  [main] c.e.a.service.VendorHealthService : Vendor 1 circuit closed — fetch succeeded after 3 consecutive failures
2026-07-29 22:01:18.504 WARN  [main] c.e.a.service.VendorHealthService : Vendor 1 fetch failure 1/3 (1 total) — will retry
2026-07-29 22:01:18.505 WARN  [main] c.e.a.service.VendorHealthService : Vendor 1 fetch failure 2/3 (2 total) — will retry
2026-07-29 22:01:18.505 WARN  [main] c.e.a.service.VendorHealthService : Vendor 1 circuit OPEN — 3 consecutive fetch failures, pausing for 1 min
2026-07-29 22:01:18.505 INFO  [main] c.e.a.service.VendorHealthService : Vendor 1 health state reset
2026-07-29 22:01:18.509 WARN  [main] c.e.a.service.VendorHealthService : Vendor 1 fetch failure 1/3 (1 total) — will retry
2026-07-29 22:01:18.510 WARN  [main] c.e.a.service.VendorHealthService : Vendor 1 fetch failure 2/3 (2 total) — will retry
2026-07-29 22:01:18.510 WARN  [main] c.e.a.service.VendorHealthService : Vendor 1 circuit OPEN — 3 consecutive fetch failures, pausing for 1 min
2026-07-29 22:01:18.512 WARN  [main] c.e.a.service.VendorHealthService : Vendor 1 fetch failure 1/3 (1 total) — will retry
2026-07-29 22:01:19.049 DEBUG [main] c.e.a.engine.FingerprintService : Fingerprint 13d64596c0d56951de024b495b7b912546c6d214260bafcefb98c00b8063c77e already active, suppressing duplicate alert
2026-07-29 22:01:19.051 INFO  [main] c.e.a.engine.FingerprintService : Fingerprint abc123 auto-resolved (no longer detected)
2026-07-29 22:01:19.051 INFO  [main] c.e.a.engine.FingerprintService : Dedup complete: 1 total changes, 0 alertable
2026-07-29 22:01:19.069 INFO  [main] c.e.a.engine.FingerprintService : Fingerprint 13d64596c0d56951de024b495b7b912546c6d214260bafcefb98c00b8063c77e RESOLVED → re-activated, alerting
2026-07-29 22:01:19.070 INFO  [main] c.e.a.engine.FingerprintService : Dedup complete: 1 total changes, 1 alertable
2026-07-29 22:01:19.078 INFO  [main] c.e.a.engine.FingerprintService : New fingerprint 13d64596c0d56951de024b495b7b912546c6d214260bafcefb98c00b8063c77e created, alerting
2026-07-29 22:01:19.079 INFO  [main] c.e.a.engine.FingerprintService : Dedup complete: 1 total changes, 1 alertable
2026-07-29 22:01:19.098 INFO  [main] c.e.a.engine.FingerprintService : Dedup complete: 0 total changes, 0 alertable
2026-07-29 22:01:19.112 INFO  [main] c.e.a.engine.FingerprintService : New fingerprint b63b7d124cde498536c7539883efdac759e51660608d64c8cc434b3e8e4a0008 created, alerting
2026-07-29 22:01:19.113 INFO  [main] c.e.a.engine.FingerprintService : Fingerprint old-hash auto-resolved (no longer detected)
2026-07-29 22:01:19.113 INFO  [main] c.e.a.engine.FingerprintService : Dedup complete: 1 total changes, 1 alertable
2026-07-29 22:01:19.179 INFO  [main] c.e.a.e.DirectionalCompatibilityEvaluator : Compatibility evaluation complete: 0 total changes, 0 breaking
2026-07-29 22:01:19.184 INFO  [main] c.e.a.e.DirectionalCompatibilityEvaluator : Compatibility evaluation complete: 1 total changes, 1 breaking
2026-07-29 22:01:19.189 INFO  [main] c.e.a.e.DirectionalCompatibilityEvaluator : Compatibility evaluation complete: 1 total changes, 1 breaking
2026-07-29 22:01:19.191 INFO  [main] c.e.a.e.DirectionalCompatibilityEvaluator : Compatibility evaluation complete: 1 total changes, 0 breaking
2026-07-29 22:01:19.193 INFO  [main] c.e.a.e.DirectionalCompatibilityEvaluator : Compatibility evaluation complete: 4 total changes, 2 breaking
2026-07-29 22:01:19.195 INFO  [main] c.e.a.e.DirectionalCompatibilityEvaluator : Compatibility evaluation complete: 0 total changes, 0 breaking
2026-07-29 22:01:19.198 INFO  [main] c.e.a.e.DirectionalCompatibilityEvaluator : Compatibility evaluation complete: 2 total changes, 1 breaking
2026-07-29 22:01:19.199 INFO  [main] c.e.a.e.DirectionalCompatibilityEvaluator : Compatibility evaluation complete: 1 total changes, 0 breaking
2026-07-29 22:01:19.201 INFO  [main] c.e.a.e.DirectionalCompatibilityEvaluator : Compatibility evaluation complete: 1 total changes, 1 breaking
2026-07-29 22:34:42.573 INFO  [main] c.e.a.ApiDriftApplicationTests : Starting ApiDriftApplicationTests using Java 21.0.2 with PID 93298 (started by nishant in /Users/nishant/CODE/api-drift-engine)
2026-07-29 22:34:42.573 DEBUG [main] c.e.a.ApiDriftApplicationTests : Running with Spring Boot v3.3.0, Spring v6.1.8
2026-07-29 22:34:42.574 INFO  [main] c.e.a.ApiDriftApplicationTests : The following 1 profile is active: "test"
2026-07-29 22:34:44.816 WARN  [main] org.hibernate.orm.deprecation : HHH90000025: H2Dialect does not need to be specified explicitly using 'hibernate.dialect' (remove the property setting and it will be selected by default)
2026-07-29 22:34:46.803 DEBUG [main] c.e.a.e.telemetry.TelemetryRegistry : Mock data seeding is disabled (telemetry.seed-mock-data=false)
2026-07-29 22:34:46.907 ERROR [main] i.n.r.d.DnsServerAddressStreamProviders : Unable to load io.netty.resolver.dns.macos.MacOSDnsServerAddressStreamProvider, fallback to system defaults. This may result in incorrect DNS resolutions on MacOS. Check whether you have a dependency on 'io.netty:netty-resolver-dns-native-macos'. Use DEBUG level to see the full stack: java.lang.UnsatisfiedLinkError: failed to load the required native library
2026-07-29 22:34:47.036 INFO  [main] c.e.a.service.EncryptionService : Encryption service initialized with AES-256-GCM
2026-07-29 22:34:47.165 WARN  [main] o.s.b.a.o.j.JpaBaseConfiguration$JpaWebConfiguration : spring.jpa.open-in-view is enabled by default. Therefore, database queries may be performed during view rendering. Explicitly configure spring.jpa.open-in-view to disable this warning
2026-07-29 22:34:48.013 INFO  [main] c.e.a.ApiDriftApplicationTests : Started ApiDriftApplicationTests in 5.799 seconds (process running for 6.729)
2026-07-29 22:34:48.493 WARN  [main] c.e.a.service.VendorHealthService : Vendor 1 fetch failure 1/3 (1 total) — will retry
2026-07-29 22:34:48.496 INFO  [main] c.e.a.service.VendorHealthService : Vendor 1 circuit closed — fetch succeeded after 1 consecutive failures
2026-07-29 22:34:48.496 WARN  [main] c.e.a.service.VendorHealthService : Vendor 1 fetch failure 1/3 (1 total) — will retry
2026-07-29 22:34:48.498 WARN  [main] c.e.a.service.VendorHealthService : Vendor 1 fetch failure 1/3 (1 total) — will retry
2026-07-29 22:34:48.498 WARN  [main] c.e.a.service.VendorHealthService : Vendor 1 fetch failure 2/3 (2 total) — will retry
2026-07-29 22:34:48.500 WARN  [main] c.e.a.service.VendorHealthService : Vendor 1 fetch failure 1/3 (1 total) — will retry
2026-07-29 22:34:48.500 WARN  [main] c.e.a.service.VendorHealthService : Vendor 1 fetch failure 2/3 (2 total) — will retry
2026-07-29 22:34:48.500 INFO  [main] c.e.a.service.VendorHealthService : Vendor 1 circuit closed — fetch succeeded after 2 consecutive failures
2026-07-29 22:34:48.502 WARN  [main] c.e.a.service.VendorHealthService : Vendor 1 fetch failure 1/3 (1 total) — will retry
2026-07-29 22:34:48.504 WARN  [main] c.e.a.service.VendorHealthService : Vendor 1 fetch failure 1/3 (1 total) — will retry
2026-07-29 22:34:48.505 WARN  [main] c.e.a.service.VendorHealthService : Vendor 1 fetch failure 2/3 (2 total) — will retry
2026-07-29 22:34:48.505 WARN  [main] c.e.a.service.VendorHealthService : Vendor 1 circuit OPEN — 3 consecutive fetch failures, pausing for 1 min
2026-07-29 22:34:48.505 WARN  [main] c.e.a.service.VendorHealthService : Vendor 2 fetch failure 1/3 (1 total) — will retry
2026-07-29 22:34:48.507 WARN  [main] c.e.a.service.VendorHealthService : Vendor 1 fetch failure 1/3 (1 total) — will retry
2026-07-29 22:34:48.507 WARN  [main] c.e.a.service.VendorHealthService : Vendor 1 fetch failure 2/3 (2 total) — will retry
2026-07-29 22:34:48.508 WARN  [main] c.e.a.service.VendorHealthService : Vendor 1 circuit OPEN — 3 consecutive fetch failures, pausing for 30 min
2026-07-29 22:34:48.510 WARN  [main] c.e.a.service.VendorHealthService : Vendor 1 fetch failure 1/3 (1 total) — will retry
2026-07-29 22:34:48.510 WARN  [main] c.e.a.service.VendorHealthService : Vendor 1 fetch failure 2/3 (2 total) — will retry
2026-07-29 22:34:48.510 WARN  [main] c.e.a.service.VendorHealthService : Vendor 1 circuit OPEN — 3 consecutive fetch failures, pausing for 1 min
2026-07-29 22:34:48.510 INFO  [main] c.e.a.service.VendorHealthService : Vendor 1 circuit closed — fetch succeeded after 3 consecutive failures
2026-07-29 22:34:48.511 WARN  [main] c.e.a.service.VendorHealthService : Vendor 1 fetch failure 1/3 (1 total) — will retry
2026-07-29 22:34:48.511 WARN  [main] c.e.a.service.VendorHealthService : Vendor 1 fetch failure 2/3 (2 total) — will retry
2026-07-29 22:34:48.511 WARN  [main] c.e.a.service.VendorHealthService : Vendor 1 circuit OPEN — 3 consecutive fetch failures, pausing for 1 min
2026-07-29 22:34:48.511 INFO  [main] c.e.a.service.VendorHealthService : Vendor 1 health state reset
2026-07-29 22:34:48.516 WARN  [main] c.e.a.service.VendorHealthService : Vendor 1 fetch failure 1/3 (1 total) — will retry
2026-07-29 22:34:48.516 WARN  [main] c.e.a.service.VendorHealthService : Vendor 1 fetch failure 2/3 (2 total) — will retry
2026-07-29 22:34:48.517 WARN  [main] c.e.a.service.VendorHealthService : Vendor 1 circuit OPEN — 3 consecutive fetch failures, pausing for 1 min
2026-07-29 22:34:48.517 WARN  [main] c.e.a.service.VendorHealthService : Vendor 1 fetch failure 1/3 (1 total) — will retry
2026-07-29 22:34:48.863 DEBUG [main] c.e.a.engine.FingerprintService : Fingerprint 13d64596c0d56951de024b495b7b912546c6d214260bafcefb98c00b8063c77e already active, suppressing duplicate alert
2026-07-29 22:34:48.863 INFO  [main] c.e.a.engine.FingerprintService : Fingerprint abc123 auto-resolved (no longer detected)
2026-07-29 22:34:48.863 INFO  [main] c.e.a.engine.FingerprintService : Dedup complete: 1 total changes, 0 alertable
2026-07-29 22:34:48.879 INFO  [main] c.e.a.engine.FingerprintService : Fingerprint 13d64596c0d56951de024b495b7b912546c6d214260bafcefb98c00b8063c77e RESOLVED → re-activated, alerting
2026-07-29 22:34:48.879 INFO  [main] c.e.a.engine.FingerprintService : Dedup complete: 1 total changes, 1 alertable
2026-07-29 22:34:48.885 INFO  [main] c.e.a.engine.FingerprintService : New fingerprint 13d64596c0d56951de024b495b7b912546c6d214260bafcefb98c00b8063c77e created, alerting
2026-07-29 22:34:48.885 INFO  [main] c.e.a.engine.FingerprintService : Dedup complete: 1 total changes, 1 alertable
2026-07-29 22:34:48.894 INFO  [main] c.e.a.engine.FingerprintService : Dedup complete: 0 total changes, 0 alertable
2026-07-29 22:34:48.902 INFO  [main] c.e.a.engine.FingerprintService : New fingerprint b63b7d124cde498536c7539883efdac759e51660608d64c8cc434b3e8e4a0008 created, alerting
2026-07-29 22:34:48.902 INFO  [main] c.e.a.engine.FingerprintService : Fingerprint old-hash auto-resolved (no longer detected)
2026-07-29 22:34:48.902 INFO  [main] c.e.a.engine.FingerprintService : Dedup complete: 1 total changes, 1 alertable
2026-07-29 22:34:48.923 INFO  [main] c.e.a.e.DirectionalCompatibilityEvaluator : Compatibility evaluation complete: 0 total changes, 0 breaking
2026-07-29 22:34:48.926 INFO  [main] c.e.a.e.DirectionalCompatibilityEvaluator : Compatibility evaluation complete: 1 total changes, 1 breaking
2026-07-29 22:34:48.930 INFO  [main] c.e.a.e.DirectionalCompatibilityEvaluator : Compatibility evaluation complete: 1 total changes, 1 breaking
2026-07-29 22:34:48.932 INFO  [main] c.e.a.e.DirectionalCompatibilityEvaluator : Compatibility evaluation complete: 1 total changes, 0 breaking
2026-07-29 22:34:48.934 INFO  [main] c.e.a.e.DirectionalCompatibilityEvaluator : Compatibility evaluation complete: 4 total changes, 2 breaking
2026-07-29 22:34:48.936 INFO  [main] c.e.a.e.DirectionalCompatibilityEvaluator : Compatibility evaluation complete: 0 total changes, 0 breaking
2026-07-29 22:34:48.939 INFO  [main] c.e.a.e.DirectionalCompatibilityEvaluator : Compatibility evaluation complete: 2 total changes, 1 breaking
2026-07-29 22:34:48.940 INFO  [main] c.e.a.e.DirectionalCompatibilityEvaluator : Compatibility evaluation complete: 1 total changes, 0 breaking
2026-07-29 22:34:48.943 INFO  [main] c.e.a.e.DirectionalCompatibilityEvaluator : Compatibility evaluation complete: 1 total changes, 1 breaking
2026-07-29 22:37:36.857 INFO  [main] c.e.a.ApiDriftApplicationTests : Starting ApiDriftApplicationTests using Java 21.0.2 with PID 94000 (started by nishant in /Users/nishant/CODE/api-drift-engine)
2026-07-29 22:37:36.860 DEBUG [main] c.e.a.ApiDriftApplicationTests : Running with Spring Boot v3.3.0, Spring v6.1.8
2026-07-29 22:37:36.861 INFO  [main] c.e.a.ApiDriftApplicationTests : The following 1 profile is active: "test"
2026-07-29 22:37:39.323 WARN  [main] org.hibernate.orm.deprecation : HHH90000025: H2Dialect does not need to be specified explicitly using 'hibernate.dialect' (remove the property setting and it will be selected by default)
2026-07-29 22:37:41.958 DEBUG [main] c.e.a.e.telemetry.TelemetryRegistry : Mock data seeding is disabled (telemetry.seed-mock-data=false)
2026-07-29 22:37:42.113 ERROR [main] i.n.r.d.DnsServerAddressStreamProviders : Unable to load io.netty.resolver.dns.macos.MacOSDnsServerAddressStreamProvider, fallback to system defaults. This may result in incorrect DNS resolutions on MacOS. Check whether you have a dependency on 'io.netty:netty-resolver-dns-native-macos'. Use DEBUG level to see the full stack: java.lang.UnsatisfiedLinkError: failed to load the required native library
2026-07-29 22:37:42.305 INFO  [main] c.e.a.service.EncryptionService : Encryption service initialized with AES-256-GCM
2026-07-29 22:37:42.441 WARN  [main] o.s.b.a.o.j.JpaBaseConfiguration$JpaWebConfiguration : spring.jpa.open-in-view is enabled by default. Therefore, database queries may be performed during view rendering. Explicitly configure spring.jpa.open-in-view to disable this warning
2026-07-29 22:37:43.514 INFO  [main] c.e.a.ApiDriftApplicationTests : Started ApiDriftApplicationTests in 7.304 seconds (process running for 9.104)
2026-07-29 22:37:44.158 WARN  [main] c.e.a.service.VendorHealthService : Vendor 1 fetch failure 1/3 (1 total) — will retry
2026-07-29 22:37:44.159 INFO  [main] c.e.a.service.VendorHealthService : Vendor 1 circuit closed — fetch succeeded after 1 consecutive failures
2026-07-29 22:37:44.159 WARN  [main] c.e.a.service.VendorHealthService : Vendor 1 fetch failure 1/3 (1 total) — will retry
2026-07-29 22:37:44.162 WARN  [main] c.e.a.service.VendorHealthService : Vendor 1 fetch failure 1/3 (1 total) — will retry
2026-07-29 22:37:44.162 WARN  [main] c.e.a.service.VendorHealthService : Vendor 1 fetch failure 2/3 (2 total) — will retry
2026-07-29 22:37:44.163 WARN  [main] c.e.a.service.VendorHealthService : Vendor 1 fetch failure 1/3 (1 total) — will retry
2026-07-29 22:37:44.163 WARN  [main] c.e.a.service.VendorHealthService : Vendor 1 fetch failure 2/3 (2 total) — will retry
2026-07-29 22:37:44.163 INFO  [main] c.e.a.service.VendorHealthService : Vendor 1 circuit closed — fetch succeeded after 2 consecutive failures
2026-07-29 22:37:44.164 WARN  [main] c.e.a.service.VendorHealthService : Vendor 1 fetch failure 1/3 (1 total) — will retry
2026-07-29 22:37:44.165 WARN  [main] c.e.a.service.VendorHealthService : Vendor 1 fetch failure 1/3 (1 total) — will retry
2026-07-29 22:37:44.165 WARN  [main] c.e.a.service.VendorHealthService : Vendor 1 fetch failure 2/3 (2 total) — will retry
2026-07-29 22:37:44.165 WARN  [main] c.e.a.service.VendorHealthService : Vendor 1 circuit OPEN — 3 consecutive fetch failures, pausing for 1 min
2026-07-29 22:37:44.165 WARN  [main] c.e.a.service.VendorHealthService : Vendor 2 fetch failure 1/3 (1 total) — will retry
2026-07-29 22:37:44.166 WARN  [main] c.e.a.service.VendorHealthService : Vendor 1 fetch failure 1/3 (1 total) — will retry
2026-07-29 22:37:44.166 WARN  [main] c.e.a.service.VendorHealthService : Vendor 1 fetch failure 2/3 (2 total) — will retry
2026-07-29 22:37:44.166 WARN  [main] c.e.a.service.VendorHealthService : Vendor 1 circuit OPEN — 3 consecutive fetch failures, pausing for 30 min
2026-07-29 22:37:44.167 WARN  [main] c.e.a.service.VendorHealthService : Vendor 1 fetch failure 1/3 (1 total) — will retry
2026-07-29 22:37:44.167 WARN  [main] c.e.a.service.VendorHealthService : Vendor 1 fetch failure 2/3 (2 total) — will retry
2026-07-29 22:37:44.167 WARN  [main] c.e.a.service.VendorHealthService : Vendor 1 circuit OPEN — 3 consecutive fetch failures, pausing for 1 min
2026-07-29 22:37:44.168 INFO  [main] c.e.a.service.VendorHealthService : Vendor 1 circuit closed — fetch succeeded after 3 consecutive failures
2026-07-29 22:37:44.168 WARN  [main] c.e.a.service.VendorHealthService : Vendor 1 fetch failure 1/3 (1 total) — will retry
2026-07-29 22:37:44.169 WARN  [main] c.e.a.service.VendorHealthService : Vendor 1 fetch failure 2/3 (2 total) — will retry
2026-07-29 22:37:44.169 WARN  [main] c.e.a.service.VendorHealthService : Vendor 1 circuit OPEN — 3 consecutive fetch failures, pausing for 1 min
2026-07-29 22:37:44.169 INFO  [main] c.e.a.service.VendorHealthService : Vendor 1 health state reset
2026-07-29 22:37:44.171 WARN  [main] c.e.a.service.VendorHealthService : Vendor 1 fetch failure 1/3 (1 total) — will retry
2026-07-29 22:37:44.172 WARN  [main] c.e.a.service.VendorHealthService : Vendor 1 fetch failure 2/3 (2 total) — will retry
2026-07-29 22:37:44.172 WARN  [main] c.e.a.service.VendorHealthService : Vendor 1 circuit OPEN — 3 consecutive fetch failures, pausing for 1 min
2026-07-29 22:37:44.172 WARN  [main] c.e.a.service.VendorHealthService : Vendor 1 fetch failure 1/3 (1 total) — will retry
2026-07-29 22:37:44.637 DEBUG [main] c.e.a.engine.FingerprintService : Fingerprint 13d64596c0d56951de024b495b7b912546c6d214260bafcefb98c00b8063c77e already active, suppressing duplicate alert
2026-07-29 22:37:44.638 INFO  [main] c.e.a.engine.FingerprintService : Fingerprint abc123 auto-resolved (no longer detected)
2026-07-29 22:37:44.639 INFO  [main] c.e.a.engine.FingerprintService : Dedup complete: 1 total changes, 0 alertable
2026-07-29 22:37:44.656 INFO  [main] c.e.a.engine.FingerprintService : Fingerprint 13d64596c0d56951de024b495b7b912546c6d214260bafcefb98c00b8063c77e RESOLVED → re-activated, alerting
2026-07-29 22:37:44.657 INFO  [main] c.e.a.engine.FingerprintService : Dedup complete: 1 total changes, 1 alertable
2026-07-29 22:37:44.666 INFO  [main] c.e.a.engine.FingerprintService : New fingerprint 13d64596c0d56951de024b495b7b912546c6d214260bafcefb98c00b8063c77e created, alerting
2026-07-29 22:37:44.666 INFO  [main] c.e.a.engine.FingerprintService : Dedup complete: 1 total changes, 1 alertable
2026-07-29 22:37:44.687 INFO  [main] c.e.a.engine.FingerprintService : Dedup complete: 0 total changes, 0 alertable
2026-07-29 22:37:44.702 INFO  [main] c.e.a.engine.FingerprintService : New fingerprint b63b7d124cde498536c7539883efdac759e51660608d64c8cc434b3e8e4a0008 created, alerting
2026-07-29 22:37:44.704 INFO  [main] c.e.a.engine.FingerprintService : Fingerprint old-hash auto-resolved (no longer detected)
2026-07-29 22:37:44.704 INFO  [main] c.e.a.engine.FingerprintService : Dedup complete: 1 total changes, 1 alertable
2026-07-29 22:37:44.778 INFO  [main] c.e.a.e.DirectionalCompatibilityEvaluator : Compatibility evaluation complete: 0 total changes, 0 breaking
2026-07-29 22:37:44.782 INFO  [main] c.e.a.e.DirectionalCompatibilityEvaluator : Compatibility evaluation complete: 1 total changes, 1 breaking
2026-07-29 22:37:44.788 INFO  [main] c.e.a.e.DirectionalCompatibilityEvaluator : Compatibility evaluation complete: 1 total changes, 1 breaking
2026-07-29 22:37:44.791 INFO  [main] c.e.a.e.DirectionalCompatibilityEvaluator : Compatibility evaluation complete: 1 total changes, 0 breaking
2026-07-29 22:37:44.795 INFO  [main] c.e.a.e.DirectionalCompatibilityEvaluator : Compatibility evaluation complete: 4 total changes, 2 breaking
2026-07-29 22:37:44.798 INFO  [main] c.e.a.e.DirectionalCompatibilityEvaluator : Compatibility evaluation complete: 0 total changes, 0 breaking
2026-07-29 22:37:44.800 INFO  [main] c.e.a.e.DirectionalCompatibilityEvaluator : Compatibility evaluation complete: 2 total changes, 1 breaking
2026-07-29 22:37:44.802 INFO  [main] c.e.a.e.DirectionalCompatibilityEvaluator : Compatibility evaluation complete: 1 total changes, 0 breaking
2026-07-29 22:37:44.805 INFO  [main] c.e.a.e.DirectionalCompatibilityEvaluator : Compatibility evaluation complete: 1 total changes, 1 breaking
2026-07-29 22:39:31.322 INFO  [main] c.e.a.ApiDriftApplicationTests : Starting ApiDriftApplicationTests using Java 21.0.2 with PID 94224 (started by nishant in /Users/nishant/CODE/api-drift-engine)
2026-07-29 22:39:31.323 DEBUG [main] c.e.a.ApiDriftApplicationTests : Running with Spring Boot v3.3.0, Spring v6.1.8
2026-07-29 22:39:31.323 INFO  [main] c.e.a.ApiDriftApplicationTests : The following 1 profile is active: "test"
2026-07-29 22:39:33.429 WARN  [main] org.hibernate.orm.deprecation : HHH90000025: H2Dialect does not need to be specified explicitly using 'hibernate.dialect' (remove the property setting and it will be selected by default)
2026-07-29 22:39:35.620 DEBUG [main] c.e.a.e.telemetry.TelemetryRegistry : Mock data seeding is disabled (telemetry.seed-mock-data=false)
2026-07-29 22:39:35.708 ERROR [main] i.n.r.d.DnsServerAddressStreamProviders : Unable to load io.netty.resolver.dns.macos.MacOSDnsServerAddressStreamProvider, fallback to system defaults. This may result in incorrect DNS resolutions on MacOS. Check whether you have a dependency on 'io.netty:netty-resolver-dns-native-macos'. Use DEBUG level to see the full stack: java.lang.UnsatisfiedLinkError: failed to load the required native library
2026-07-29 22:39:35.853 INFO  [main] c.e.a.service.EncryptionService : Encryption service initialized with AES-256-GCM
2026-07-29 22:39:35.976 WARN  [main] o.s.b.a.o.j.JpaBaseConfiguration$JpaWebConfiguration : spring.jpa.open-in-view is enabled by default. Therefore, database queries may be performed during view rendering. Explicitly configure spring.jpa.open-in-view to disable this warning
2026-07-29 22:39:37.028 INFO  [main] c.e.a.ApiDriftApplicationTests : Started ApiDriftApplicationTests in 6.06 seconds (process running for 7.014)
2026-07-29 22:39:37.509 WARN  [main] c.e.a.service.VendorHealthService : Vendor 1 fetch failure 1/3 (1 total) — will retry
2026-07-29 22:39:37.510 INFO  [main] c.e.a.service.VendorHealthService : Vendor 1 circuit closed — fetch succeeded after 1 consecutive failures
2026-07-29 22:39:37.511 WARN  [main] c.e.a.service.VendorHealthService : Vendor 1 fetch failure 1/3 (1 total) — will retry
2026-07-29 22:39:37.512 WARN  [main] c.e.a.service.VendorHealthService : Vendor 1 fetch failure 1/3 (1 total) — will retry
2026-07-29 22:39:37.512 WARN  [main] c.e.a.service.VendorHealthService : Vendor 1 fetch failure 2/3 (2 total) — will retry
2026-07-29 22:39:37.513 WARN  [main] c.e.a.service.VendorHealthService : Vendor 1 fetch failure 1/3 (1 total) — will retry
2026-07-29 22:39:37.513 WARN  [main] c.e.a.service.VendorHealthService : Vendor 1 fetch failure 2/3 (2 total) — will retry
2026-07-29 22:39:37.513 INFO  [main] c.e.a.service.VendorHealthService : Vendor 1 circuit closed — fetch succeeded after 2 consecutive failures
2026-07-29 22:39:37.514 WARN  [main] c.e.a.service.VendorHealthService : Vendor 1 fetch failure 1/3 (1 total) — will retry
2026-07-29 22:39:37.515 WARN  [main] c.e.a.service.VendorHealthService : Vendor 1 fetch failure 1/3 (1 total) — will retry
2026-07-29 22:39:37.515 WARN  [main] c.e.a.service.VendorHealthService : Vendor 1 fetch failure 2/3 (2 total) — will retry
2026-07-29 22:39:37.515 WARN  [main] c.e.a.service.VendorHealthService : Vendor 1 circuit OPEN — 3 consecutive fetch failures, pausing for 1 min
2026-07-29 22:39:37.515 WARN  [main] c.e.a.service.VendorHealthService : Vendor 2 fetch failure 1/3 (1 total) — will retry
2026-07-29 22:39:37.516 WARN  [main] c.e.a.service.VendorHealthService : Vendor 1 fetch failure 1/3 (1 total) — will retry
2026-07-29 22:39:37.516 WARN  [main] c.e.a.service.VendorHealthService : Vendor 1 fetch failure 2/3 (2 total) — will retry
2026-07-29 22:39:37.516 WARN  [main] c.e.a.service.VendorHealthService : Vendor 1 circuit OPEN — 3 consecutive fetch failures, pausing for 30 min
2026-07-29 22:39:37.517 WARN  [main] c.e.a.service.VendorHealthService : Vendor 1 fetch failure 1/3 (1 total) — will retry
2026-07-29 22:39:37.517 WARN  [main] c.e.a.service.VendorHealthService : Vendor 1 fetch failure 2/3 (2 total) — will retry
2026-07-29 22:39:37.517 WARN  [main] c.e.a.service.VendorHealthService : Vendor 1 circuit OPEN — 3 consecutive fetch failures, pausing for 1 min
2026-07-29 22:39:37.517 INFO  [main] c.e.a.service.VendorHealthService : Vendor 1 circuit closed — fetch succeeded after 3 consecutive failures
2026-07-29 22:39:37.518 WARN  [main] c.e.a.service.VendorHealthService : Vendor 1 fetch failure 1/3 (1 total) — will retry
2026-07-29 22:39:37.518 WARN  [main] c.e.a.service.VendorHealthService : Vendor 1 fetch failure 2/3 (2 total) — will retry
2026-07-29 22:39:37.519 WARN  [main] c.e.a.service.VendorHealthService : Vendor 1 circuit OPEN — 3 consecutive fetch failures, pausing for 1 min
2026-07-29 22:39:37.519 INFO  [main] c.e.a.service.VendorHealthService : Vendor 1 health state reset
2026-07-29 22:39:37.521 WARN  [main] c.e.a.service.VendorHealthService : Vendor 1 fetch failure 1/3 (1 total) — will retry
2026-07-29 22:39:37.521 WARN  [main] c.e.a.service.VendorHealthService : Vendor 1 fetch failure 2/3 (2 total) — will retry
2026-07-29 22:39:37.521 WARN  [main] c.e.a.service.VendorHealthService : Vendor 1 circuit OPEN — 3 consecutive fetch failures, pausing for 1 min
2026-07-29 22:39:37.522 WARN  [main] c.e.a.service.VendorHealthService : Vendor 1 fetch failure 1/3 (1 total) — will retry
2026-07-29 22:39:37.525 INFO  [main] c.e.a.service.EncryptionService : Encryption service initialized with AES-256-GCM
2026-07-29 22:39:37.529 INFO  [main] c.e.a.service.EncryptionService : Encryption service initialized with AES-256-GCM
2026-07-29 22:39:37.530 INFO  [main] c.e.a.service.EncryptionService : Encryption service initialized with AES-256-GCM
2026-07-29 22:39:37.535 INFO  [main] c.e.a.service.EncryptionService : Encryption service initialized with AES-256-GCM
2026-07-29 22:39:37.536 INFO  [main] c.e.a.service.EncryptionService : Encryption service initialized with AES-256-GCM
2026-07-29 22:39:37.539 INFO  [main] c.e.a.service.EncryptionService : Encryption service initialized with AES-256-GCM
2026-07-29 22:39:37.540 INFO  [main] c.e.a.service.EncryptionService : Encryption service initialized with AES-256-GCM
2026-07-29 22:39:37.543 INFO  [main] c.e.a.service.EncryptionService : Encryption service initialized with AES-256-GCM
2026-07-29 22:39:37.544 ERROR [main] c.e.a.service.EncryptionService : Decryption failed: Illegal base64 character 2d
2026-07-29 22:39:37.548 INFO  [main] c.e.a.service.EncryptionService : Encryption service initialized with AES-256-GCM
2026-07-29 22:39:37.549 INFO  [main] c.e.a.service.EncryptionService : Encryption service initialized with AES-256-GCM
2026-07-29 22:39:37.550 INFO  [main] c.e.a.service.EncryptionService : Encryption service initialized with AES-256-GCM
2026-07-29 22:39:37.551 ERROR [main] c.e.a.service.EncryptionService : Decryption failed: Tag mismatch
2026-07-29 22:39:37.882 DEBUG [main] c.e.a.engine.FingerprintService : Fingerprint 13d64596c0d56951de024b495b7b912546c6d214260bafcefb98c00b8063c77e already active, suppressing duplicate alert
2026-07-29 22:39:37.883 INFO  [main] c.e.a.engine.FingerprintService : Fingerprint abc123 auto-resolved (no longer detected)
2026-07-29 22:39:37.883 INFO  [main] c.e.a.engine.FingerprintService : Dedup complete: 1 total changes, 0 alertable
2026-07-29 22:39:37.902 INFO  [main] c.e.a.engine.FingerprintService : Fingerprint 13d64596c0d56951de024b495b7b912546c6d214260bafcefb98c00b8063c77e RESOLVED → re-activated, alerting
2026-07-29 22:39:37.903 INFO  [main] c.e.a.engine.FingerprintService : Dedup complete: 1 total changes, 1 alertable
2026-07-29 22:39:37.906 INFO  [main] c.e.a.engine.FingerprintService : New fingerprint 13d64596c0d56951de024b495b7b912546c6d214260bafcefb98c00b8063c77e created, alerting
2026-07-29 22:39:37.907 INFO  [main] c.e.a.engine.FingerprintService : Dedup complete: 1 total changes, 1 alertable
2026-07-29 22:39:37.919 INFO  [main] c.e.a.engine.FingerprintService : Dedup complete: 0 total changes, 0 alertable
2026-07-29 22:39:37.929 INFO  [main] c.e.a.engine.FingerprintService : New fingerprint b63b7d124cde498536c7539883efdac759e51660608d64c8cc434b3e8e4a0008 created, alerting
2026-07-29 22:39:37.930 INFO  [main] c.e.a.engine.FingerprintService : Fingerprint old-hash auto-resolved (no longer detected)
2026-07-29 22:39:37.930 INFO  [main] c.e.a.engine.FingerprintService : Dedup complete: 1 total changes, 1 alertable
2026-07-29 22:39:37.965 INFO  [main] c.e.a.e.DirectionalCompatibilityEvaluator : Compatibility evaluation complete: 0 total changes, 0 breaking
2026-07-29 22:39:37.968 INFO  [main] c.e.a.e.DirectionalCompatibilityEvaluator : Compatibility evaluation complete: 1 total changes, 1 breaking
2026-07-29 22:39:37.973 INFO  [main] c.e.a.e.DirectionalCompatibilityEvaluator : Compatibility evaluation complete: 1 total changes, 1 breaking
2026-07-29 22:39:37.974 INFO  [main] c.e.a.e.DirectionalCompatibilityEvaluator : Compatibility evaluation complete: 1 total changes, 0 breaking
2026-07-29 22:39:37.976 INFO  [main] c.e.a.e.DirectionalCompatibilityEvaluator : Compatibility evaluation complete: 4 total changes, 2 breaking
2026-07-29 22:39:37.978 INFO  [main] c.e.a.e.DirectionalCompatibilityEvaluator : Compatibility evaluation complete: 0 total changes, 0 breaking
2026-07-29 22:39:37.980 INFO  [main] c.e.a.e.DirectionalCompatibilityEvaluator : Compatibility evaluation complete: 2 total changes, 1 breaking
2026-07-29 22:39:37.981 INFO  [main] c.e.a.e.DirectionalCompatibilityEvaluator : Compatibility evaluation complete: 1 total changes, 0 breaking
2026-07-29 22:39:37.983 INFO  [main] c.e.a.e.DirectionalCompatibilityEvaluator : Compatibility evaluation complete: 1 total changes, 1 breaking
2026-07-29 22:39:38.201 DEBUG [main] c.e.a.e.telemetry.TelemetryRegistry : Registered: vendor=1, endpoint=/v1/test, field=null → test-svc
2026-07-29 22:39:38.205 DEBUG [main] c.e.a.e.telemetry.TelemetryRegistry : Dependency already exists: vendor=1, endpoint=/v1/charges, service=payment-service — skipping
2026-07-29 22:39:38.208 DEBUG [main] c.e.a.e.telemetry.TelemetryRegistry : Registered: vendor=1, endpoint=/v1/charges, field=/requestBody/properties/amount → payment-service
2026-07-29 22:39:38.214 DEBUG [main] c.e.a.e.telemetry.TelemetryRegistry : Telemetry hit: vendor=1, endpoint=/v1/charges, field=/requestBody/properties/amount → [order-service, payment-service]
2026-07-29 22:39:38.296 INFO  [main] c.e.a.e.t.UsageCorrelationService : Change on /v1/charges//parameters/page consumed by [payment-service] — severity escalated to CRITICAL
2026-07-29 22:39:38.304 INFO  [main] c.e.a.e.t.UsageCorrelationService : Change on /v1/charges//parameters/id consumed by [payment-service] — severity escalated to CRITICAL
2026-07-29 22:39:38.312 INFO  [main] c.e.a.e.t.UsageCorrelationService : Change on /v1/charges//parameters/id consumed by [order-service, user-service, payment-service] — severity escalated to CRITICAL
2026-07-29 22:39:38.315 INFO  [main] c.e.a.e.t.UsageCorrelationService : Change on /v1/charges//parameters/id not consumed — severity downgraded to LOW
2026-07-29 22:40:31.089 INFO  [main] c.e.a.ApiDriftApplicationTests : Starting ApiDriftApplicationTests using Java 21.0.2 with PID 94506 (started by nishant in /Users/nishant/CODE/api-drift-engine)
2026-07-29 22:40:31.089 DEBUG [main] c.e.a.ApiDriftApplicationTests : Running with Spring Boot v3.3.0, Spring v6.1.8
2026-07-29 22:40:31.090 INFO  [main] c.e.a.ApiDriftApplicationTests : The following 1 profile is active: "test"
2026-07-29 22:40:33.231 WARN  [main] org.hibernate.orm.deprecation : HHH90000025: H2Dialect does not need to be specified explicitly using 'hibernate.dialect' (remove the property setting and it will be selected by default)
2026-07-29 22:40:35.156 DEBUG [main] c.e.a.e.telemetry.TelemetryRegistry : Mock data seeding is disabled (telemetry.seed-mock-data=false)
2026-07-29 22:40:35.255 ERROR [main] i.n.r.d.DnsServerAddressStreamProviders : Unable to load io.netty.resolver.dns.macos.MacOSDnsServerAddressStreamProvider, fallback to system defaults. This may result in incorrect DNS resolutions on MacOS. Check whether you have a dependency on 'io.netty:netty-resolver-dns-native-macos'. Use DEBUG level to see the full stack: java.lang.UnsatisfiedLinkError: failed to load the required native library
2026-07-29 22:40:35.396 INFO  [main] c.e.a.service.EncryptionService : Encryption service initialized with AES-256-GCM
2026-07-29 22:40:35.513 WARN  [main] o.s.b.a.o.j.JpaBaseConfiguration$JpaWebConfiguration : spring.jpa.open-in-view is enabled by default. Therefore, database queries may be performed during view rendering. Explicitly configure spring.jpa.open-in-view to disable this warning
2026-07-29 22:40:36.388 INFO  [main] c.e.a.ApiDriftApplicationTests : Started ApiDriftApplicationTests in 5.648 seconds (process running for 6.63)
2026-07-29 22:40:36.874 WARN  [main] c.e.a.service.VendorHealthService : Vendor 1 fetch failure 1/3 (1 total) — will retry
2026-07-29 22:40:36.876 INFO  [main] c.e.a.service.VendorHealthService : Vendor 1 circuit closed — fetch succeeded after 1 consecutive failures
2026-07-29 22:40:36.876 WARN  [main] c.e.a.service.VendorHealthService : Vendor 1 fetch failure 1/3 (1 total) — will retry
2026-07-29 22:40:36.878 WARN  [main] c.e.a.service.VendorHealthService : Vendor 1 fetch failure 1/3 (1 total) — will retry
2026-07-29 22:40:36.878 WARN  [main] c.e.a.service.VendorHealthService : Vendor 1 fetch failure 2/3 (2 total) — will retry
2026-07-29 22:40:36.879 WARN  [main] c.e.a.service.VendorHealthService : Vendor 1 fetch failure 1/3 (1 total) — will retry
2026-07-29 22:40:36.879 WARN  [main] c.e.a.service.VendorHealthService : Vendor 1 fetch failure 2/3 (2 total) — will retry
2026-07-29 22:40:36.879 INFO  [main] c.e.a.service.VendorHealthService : Vendor 1 circuit closed — fetch succeeded after 2 consecutive failures
2026-07-29 22:40:36.880 WARN  [main] c.e.a.service.VendorHealthService : Vendor 1 fetch failure 1/3 (1 total) — will retry
2026-07-29 22:40:36.880 WARN  [main] c.e.a.service.VendorHealthService : Vendor 1 fetch failure 1/3 (1 total) — will retry
2026-07-29 22:40:36.881 WARN  [main] c.e.a.service.VendorHealthService : Vendor 1 fetch failure 2/3 (2 total) — will retry
2026-07-29 22:40:36.881 WARN  [main] c.e.a.service.VendorHealthService : Vendor 1 circuit OPEN — 3 consecutive fetch failures, pausing for 1 min
2026-07-29 22:40:36.881 WARN  [main] c.e.a.service.VendorHealthService : Vendor 2 fetch failure 1/3 (1 total) — will retry
2026-07-29 22:40:36.882 WARN  [main] c.e.a.service.VendorHealthService : Vendor 1 fetch failure 1/3 (1 total) — will retry
2026-07-29 22:40:36.882 WARN  [main] c.e.a.service.VendorHealthService : Vendor 1 fetch failure 2/3 (2 total) — will retry
2026-07-29 22:40:36.882 WARN  [main] c.e.a.service.VendorHealthService : Vendor 1 circuit OPEN — 3 consecutive fetch failures, pausing for 30 min
2026-07-29 22:40:36.883 WARN  [main] c.e.a.service.VendorHealthService : Vendor 1 fetch failure 1/3 (1 total) — will retry
2026-07-29 22:40:36.883 WARN  [main] c.e.a.service.VendorHealthService : Vendor 1 fetch failure 2/3 (2 total) — will retry
2026-07-29 22:40:36.883 WARN  [main] c.e.a.service.VendorHealthService : Vendor 1 circuit OPEN — 3 consecutive fetch failures, pausing for 1 min
2026-07-29 22:40:36.884 INFO  [main] c.e.a.service.VendorHealthService : Vendor 1 circuit closed — fetch succeeded after 3 consecutive failures
2026-07-29 22:40:36.884 WARN  [main] c.e.a.service.VendorHealthService : Vendor 1 fetch failure 1/3 (1 total) — will retry
2026-07-29 22:40:36.884 WARN  [main] c.e.a.service.VendorHealthService : Vendor 1 fetch failure 2/3 (2 total) — will retry
2026-07-29 22:40:36.884 WARN  [main] c.e.a.service.VendorHealthService : Vendor 1 circuit OPEN — 3 consecutive fetch failures, pausing for 1 min
2026-07-29 22:40:36.885 INFO  [main] c.e.a.service.VendorHealthService : Vendor 1 health state reset
2026-07-29 22:40:36.887 WARN  [main] c.e.a.service.VendorHealthService : Vendor 1 fetch failure 1/3 (1 total) — will retry
2026-07-29 22:40:36.887 WARN  [main] c.e.a.service.VendorHealthService : Vendor 1 fetch failure 2/3 (2 total) — will retry
2026-07-29 22:40:36.887 WARN  [main] c.e.a.service.VendorHealthService : Vendor 1 circuit OPEN — 3 consecutive fetch failures, pausing for 1 min
2026-07-29 22:40:36.888 WARN  [main] c.e.a.service.VendorHealthService : Vendor 1 fetch failure 1/3 (1 total) — will retry
2026-07-29 22:40:37.386 INFO  [main] c.e.a.service.DashboardService : Dashboard built: 5 vendors (3 active), 0 active breaking changes across 0 vendors
2026-07-29 22:40:37.424 INFO  [main] c.e.a.service.DashboardService : Dashboard built: 5 vendors (3 active), 1 active breaking changes across 1 vendors
2026-07-29 22:40:37.447 INFO  [main] c.e.a.service.DashboardService : Dashboard built: 5 vendors (3 active), 3 active breaking changes across 2 vendors
2026-07-29 22:40:37.468 INFO  [main] c.e.a.service.DashboardService : Dashboard built: 5 vendors (3 active), 0 active breaking changes across 0 vendors
2026-07-29 22:40:37.472 INFO  [main] c.e.a.service.DashboardService : Dashboard built: 5 vendors (3 active), 0 active breaking changes across 0 vendors
2026-07-29 22:40:37.482 INFO  [main] c.e.a.service.EncryptionService : Encryption service initialized with AES-256-GCM
2026-07-29 22:40:37.485 INFO  [main] c.e.a.service.EncryptionService : Encryption service initialized with AES-256-GCM
2026-07-29 22:40:37.486 INFO  [main] c.e.a.service.EncryptionService : Encryption service initialized with AES-256-GCM
2026-07-29 22:40:37.492 INFO  [main] c.e.a.service.EncryptionService : Encryption service initialized with AES-256-GCM
2026-07-29 22:40:37.494 INFO  [main] c.e.a.service.EncryptionService : Encryption service initialized with AES-256-GCM
2026-07-29 22:40:37.496 INFO  [main] c.e.a.service.EncryptionService : Encryption service initialized with AES-256-GCM
2026-07-29 22:40:37.498 INFO  [main] c.e.a.service.EncryptionService : Encryption service initialized with AES-256-GCM
2026-07-29 22:40:37.500 INFO  [main] c.e.a.service.EncryptionService : Encryption service initialized with AES-256-GCM
2026-07-29 22:40:37.501 ERROR [main] c.e.a.service.EncryptionService : Decryption failed: Illegal base64 character 2d
2026-07-29 22:40:37.506 INFO  [main] c.e.a.service.EncryptionService : Encryption service initialized with AES-256-GCM
2026-07-29 22:40:37.507 INFO  [main] c.e.a.service.EncryptionService : Encryption service initialized with AES-256-GCM
2026-07-29 22:40:37.508 INFO  [main] c.e.a.service.EncryptionService : Encryption service initialized with AES-256-GCM
2026-07-29 22:40:37.509 ERROR [main] c.e.a.service.EncryptionService : Decryption failed: Tag mismatch
2026-07-29 22:40:37.530 DEBUG [main] c.e.a.engine.FingerprintService : Fingerprint 13d64596c0d56951de024b495b7b912546c6d214260bafcefb98c00b8063c77e already active, suppressing duplicate alert
2026-07-29 22:40:37.530 INFO  [main] c.e.a.engine.FingerprintService : Fingerprint abc123 auto-resolved (no longer detected)
2026-07-29 22:40:37.530 INFO  [main] c.e.a.engine.FingerprintService : Dedup complete: 1 total changes, 0 alertable
2026-07-29 22:40:37.534 INFO  [main] c.e.a.engine.FingerprintService : Fingerprint 13d64596c0d56951de024b495b7b912546c6d214260bafcefb98c00b8063c77e RESOLVED → re-activated, alerting
2026-07-29 22:40:37.534 INFO  [main] c.e.a.engine.FingerprintService : Dedup complete: 1 total changes, 1 alertable
2026-07-29 22:40:37.537 INFO  [main] c.e.a.engine.FingerprintService : New fingerprint 13d64596c0d56951de024b495b7b912546c6d214260bafcefb98c00b8063c77e created, alerting
2026-07-29 22:40:37.537 INFO  [main] c.e.a.engine.FingerprintService : Dedup complete: 1 total changes, 1 alertable
2026-07-29 22:40:37.551 INFO  [main] c.e.a.engine.FingerprintService : Dedup complete: 0 total changes, 0 alertable
2026-07-29 22:40:37.557 INFO  [main] c.e.a.engine.FingerprintService : New fingerprint b63b7d124cde498536c7539883efdac759e51660608d64c8cc434b3e8e4a0008 created, alerting
2026-07-29 22:40:37.558 INFO  [main] c.e.a.engine.FingerprintService : Fingerprint old-hash auto-resolved (no longer detected)
2026-07-29 22:40:37.558 INFO  [main] c.e.a.engine.FingerprintService : Dedup complete: 1 total changes, 1 alertable
2026-07-29 22:40:37.589 INFO  [main] c.e.a.e.DirectionalCompatibilityEvaluator : Compatibility evaluation complete: 0 total changes, 0 breaking
2026-07-29 22:40:37.591 INFO  [main] c.e.a.e.DirectionalCompatibilityEvaluator : Compatibility evaluation complete: 1 total changes, 1 breaking
2026-07-29 22:40:37.595 INFO  [main] c.e.a.e.DirectionalCompatibilityEvaluator : Compatibility evaluation complete: 1 total changes, 1 breaking
2026-07-29 22:40:37.598 INFO  [main] c.e.a.e.DirectionalCompatibilityEvaluator : Compatibility evaluation complete: 1 total changes, 0 breaking
2026-07-29 22:40:37.600 INFO  [main] c.e.a.e.DirectionalCompatibilityEvaluator : Compatibility evaluation complete: 4 total changes, 2 breaking
2026-07-29 22:40:37.602 INFO  [main] c.e.a.e.DirectionalCompatibilityEvaluator : Compatibility evaluation complete: 0 total changes, 0 breaking
2026-07-29 22:40:37.604 INFO  [main] c.e.a.e.DirectionalCompatibilityEvaluator : Compatibility evaluation complete: 2 total changes, 1 breaking
2026-07-29 22:40:37.605 INFO  [main] c.e.a.e.DirectionalCompatibilityEvaluator : Compatibility evaluation complete: 1 total changes, 0 breaking
2026-07-29 22:40:37.607 INFO  [main] c.e.a.e.DirectionalCompatibilityEvaluator : Compatibility evaluation complete: 1 total changes, 1 breaking
2026-07-29 22:40:37.774 DEBUG [main] c.e.a.e.telemetry.TelemetryRegistry : Registered: vendor=1, endpoint=/v1/test, field=null → test-svc
2026-07-29 22:40:37.778 DEBUG [main] c.e.a.e.telemetry.TelemetryRegistry : Dependency already exists: vendor=1, endpoint=/v1/charges, service=payment-service — skipping
2026-07-29 22:40:37.781 DEBUG [main] c.e.a.e.telemetry.TelemetryRegistry : Registered: vendor=1, endpoint=/v1/charges, field=/requestBody/properties/amount → payment-service
2026-07-29 22:40:37.785 DEBUG [main] c.e.a.e.telemetry.TelemetryRegistry : Telemetry hit: vendor=1, endpoint=/v1/charges, field=/requestBody/properties/amount → [payment-service, order-service]
2026-07-29 22:40:37.795 INFO  [main] c.e.a.e.t.UsageCorrelationService : Change on /v1/charges//parameters/page consumed by [payment-service] — severity escalated to CRITICAL
2026-07-29 22:40:37.797 INFO  [main] c.e.a.e.t.UsageCorrelationService : Change on /v1/charges//parameters/id consumed by [payment-service] — severity escalated to CRITICAL
2026-07-29 22:40:37.802 INFO  [main] c.e.a.e.t.UsageCorrelationService : Change on /v1/charges//parameters/id consumed by [order-service, payment-service, user-service] — severity escalated to CRITICAL
2026-07-29 22:40:37.804 INFO  [main] c.e.a.e.t.UsageCorrelationService : Change on /v1/charges//parameters/id not consumed — severity downgraded to LOW
2026-07-29 22:40:37.868 DEBUG [main] c.e.a.engine.EgressFetchService : SSRF validation passed for 93.184.216.34 -> 93.184.216.34
2026-07-29 22:40:48.057 INFO  [main] c.e.a.ApiDriftApplicationTests : Starting ApiDriftApplicationTests using Java 21.0.2 with PID 94661 (started by nishant in /Users/nishant/CODE/api-drift-engine)
2026-07-29 22:40:48.057 DEBUG [main] c.e.a.ApiDriftApplicationTests : Running with Spring Boot v3.3.0, Spring v6.1.8
2026-07-29 22:40:48.058 INFO  [main] c.e.a.ApiDriftApplicationTests : The following 1 profile is active: "test"
2026-07-29 22:40:50.522 WARN  [main] org.hibernate.orm.deprecation : HHH90000025: H2Dialect does not need to be specified explicitly using 'hibernate.dialect' (remove the property setting and it will be selected by default)
2026-07-29 22:40:52.494 DEBUG [main] c.e.a.e.telemetry.TelemetryRegistry : Mock data seeding is disabled (telemetry.seed-mock-data=false)
2026-07-29 22:40:52.602 ERROR [main] i.n.r.d.DnsServerAddressStreamProviders : Unable to load io.netty.resolver.dns.macos.MacOSDnsServerAddressStreamProvider, fallback to system defaults. This may result in incorrect DNS resolutions on MacOS. Check whether you have a dependency on 'io.netty:netty-resolver-dns-native-macos'. Use DEBUG level to see the full stack: java.lang.UnsatisfiedLinkError: failed to load the required native library
2026-07-29 22:40:52.746 INFO  [main] c.e.a.service.EncryptionService : Encryption service initialized with AES-256-GCM
2026-07-29 22:40:52.861 WARN  [main] o.s.b.a.o.j.JpaBaseConfiguration$JpaWebConfiguration : spring.jpa.open-in-view is enabled by default. Therefore, database queries may be performed during view rendering. Explicitly configure spring.jpa.open-in-view to disable this warning
2026-07-29 22:40:53.759 INFO  [main] c.e.a.ApiDriftApplicationTests : Started ApiDriftApplicationTests in 6.041 seconds (process running for 7.042)
2026-07-29 22:40:54.231 WARN  [main] c.e.a.service.VendorHealthService : Vendor 1 fetch failure 1/3 (1 total) — will retry
2026-07-29 22:40:54.233 INFO  [main] c.e.a.service.VendorHealthService : Vendor 1 circuit closed — fetch succeeded after 1 consecutive failures
2026-07-29 22:40:54.233 WARN  [main] c.e.a.service.VendorHealthService : Vendor 1 fetch failure 1/3 (1 total) — will retry
2026-07-29 22:40:54.234 WARN  [main] c.e.a.service.VendorHealthService : Vendor 1 fetch failure 1/3 (1 total) — will retry
2026-07-29 22:40:54.235 WARN  [main] c.e.a.service.VendorHealthService : Vendor 1 fetch failure 2/3 (2 total) — will retry
2026-07-29 22:40:54.235 WARN  [main] c.e.a.service.VendorHealthService : Vendor 1 fetch failure 1/3 (1 total) — will retry
2026-07-29 22:40:54.235 WARN  [main] c.e.a.service.VendorHealthService : Vendor 1 fetch failure 2/3 (2 total) — will retry
2026-07-29 22:40:54.235 INFO  [main] c.e.a.service.VendorHealthService : Vendor 1 circuit closed — fetch succeeded after 2 consecutive failures
2026-07-29 22:40:54.236 WARN  [main] c.e.a.service.VendorHealthService : Vendor 1 fetch failure 1/3 (1 total) — will retry
2026-07-29 22:40:54.237 WARN  [main] c.e.a.service.VendorHealthService : Vendor 1 fetch failure 1/3 (1 total) — will retry
2026-07-29 22:40:54.237 WARN  [main] c.e.a.service.VendorHealthService : Vendor 1 fetch failure 2/3 (2 total) — will retry
2026-07-29 22:40:54.237 WARN  [main] c.e.a.service.VendorHealthService : Vendor 1 circuit OPEN — 3 consecutive fetch failures, pausing for 1 min
2026-07-29 22:40:54.237 WARN  [main] c.e.a.service.VendorHealthService : Vendor 2 fetch failure 1/3 (1 total) — will retry
2026-07-29 22:40:54.238 WARN  [main] c.e.a.service.VendorHealthService : Vendor 1 fetch failure 1/3 (1 total) — will retry
2026-07-29 22:40:54.238 WARN  [main] c.e.a.service.VendorHealthService : Vendor 1 fetch failure 2/3 (2 total) — will retry
2026-07-29 22:40:54.238 WARN  [main] c.e.a.service.VendorHealthService : Vendor 1 circuit OPEN — 3 consecutive fetch failures, pausing for 30 min
2026-07-29 22:40:54.240 WARN  [main] c.e.a.service.VendorHealthService : Vendor 1 fetch failure 1/3 (1 total) — will retry
2026-07-29 22:40:54.240 WARN  [main] c.e.a.service.VendorHealthService : Vendor 1 fetch failure 2/3 (2 total) — will retry
2026-07-29 22:40:54.240 WARN  [main] c.e.a.service.VendorHealthService : Vendor 1 circuit OPEN — 3 consecutive fetch failures, pausing for 1 min
2026-07-29 22:40:54.240 INFO  [main] c.e.a.service.VendorHealthService : Vendor 1 circuit closed — fetch succeeded after 3 consecutive failures
2026-07-29 22:40:54.241 WARN  [main] c.e.a.service.VendorHealthService : Vendor 1 fetch failure 1/3 (1 total) — will retry
2026-07-29 22:40:54.241 WARN  [main] c.e.a.service.VendorHealthService : Vendor 1 fetch failure 2/3 (2 total) — will retry
2026-07-29 22:40:54.241 WARN  [main] c.e.a.service.VendorHealthService : Vendor 1 circuit OPEN — 3 consecutive fetch failures, pausing for 1 min
2026-07-29 22:40:54.241 INFO  [main] c.e.a.service.VendorHealthService : Vendor 1 health state reset
2026-07-29 22:40:54.243 WARN  [main] c.e.a.service.VendorHealthService : Vendor 1 fetch failure 1/3 (1 total) — will retry
2026-07-29 22:40:54.243 WARN  [main] c.e.a.service.VendorHealthService : Vendor 1 fetch failure 2/3 (2 total) — will retry
2026-07-29 22:40:54.244 WARN  [main] c.e.a.service.VendorHealthService : Vendor 1 circuit OPEN — 3 consecutive fetch failures, pausing for 1 min
2026-07-29 22:40:54.244 WARN  [main] c.e.a.service.VendorHealthService : Vendor 1 fetch failure 1/3 (1 total) — will retry
2026-07-29 22:40:55.241 INFO  [main] c.e.a.service.DashboardService : Dashboard built: 5 vendors (3 active), 0 active breaking changes across 0 vendors
2026-07-29 22:40:55.276 INFO  [main] c.e.a.service.DashboardService : Dashboard built: 5 vendors (3 active), 1 active breaking changes across 1 vendors
2026-07-29 22:40:55.291 INFO  [main] c.e.a.service.DashboardService : Dashboard built: 5 vendors (3 active), 3 active breaking changes across 2 vendors
2026-07-29 22:40:55.308 INFO  [main] c.e.a.service.DashboardService : Dashboard built: 5 vendors (3 active), 0 active breaking changes across 0 vendors
2026-07-29 22:40:55.312 INFO  [main] c.e.a.service.DashboardService : Dashboard built: 5 vendors (3 active), 0 active breaking changes across 0 vendors
2026-07-29 22:40:55.322 INFO  [main] c.e.a.service.EncryptionService : Encryption service initialized with AES-256-GCM
2026-07-29 22:40:55.324 INFO  [main] c.e.a.service.EncryptionService : Encryption service initialized with AES-256-GCM
2026-07-29 22:40:55.326 INFO  [main] c.e.a.service.EncryptionService : Encryption service initialized with AES-256-GCM
2026-07-29 22:40:55.333 INFO  [main] c.e.a.service.EncryptionService : Encryption service initialized with AES-256-GCM
2026-07-29 22:40:55.334 INFO  [main] c.e.a.service.EncryptionService : Encryption service initialized with AES-256-GCM
2026-07-29 22:40:55.337 INFO  [main] c.e.a.service.EncryptionService : Encryption service initialized with AES-256-GCM
2026-07-29 22:40:55.339 INFO  [main] c.e.a.service.EncryptionService : Encryption service initialized with AES-256-GCM
2026-07-29 22:40:55.341 INFO  [main] c.e.a.service.EncryptionService : Encryption service initialized with AES-256-GCM
2026-07-29 22:40:55.342 ERROR [main] c.e.a.service.EncryptionService : Decryption failed: Illegal base64 character 2d
2026-07-29 22:40:55.347 INFO  [main] c.e.a.service.EncryptionService : Encryption service initialized with AES-256-GCM
2026-07-29 22:40:55.348 INFO  [main] c.e.a.service.EncryptionService : Encryption service initialized with AES-256-GCM
2026-07-29 22:40:55.349 INFO  [main] c.e.a.service.EncryptionService : Encryption service initialized with AES-256-GCM
2026-07-29 22:40:55.351 ERROR [main] c.e.a.service.EncryptionService : Decryption failed: Tag mismatch
2026-07-29 22:40:55.367 DEBUG [main] c.e.a.engine.FingerprintService : Fingerprint 13d64596c0d56951de024b495b7b912546c6d214260bafcefb98c00b8063c77e already active, suppressing duplicate alert
2026-07-29 22:40:55.369 INFO  [main] c.e.a.engine.FingerprintService : Fingerprint abc123 auto-resolved (no longer detected)
2026-07-29 22:40:55.369 INFO  [main] c.e.a.engine.FingerprintService : Dedup complete: 1 total changes, 0 alertable
2026-07-29 22:40:55.373 INFO  [main] c.e.a.engine.FingerprintService : Fingerprint 13d64596c0d56951de024b495b7b912546c6d214260bafcefb98c00b8063c77e RESOLVED → re-activated, alerting
2026-07-29 22:40:55.373 INFO  [main] c.e.a.engine.FingerprintService : Dedup complete: 1 total changes, 1 alertable
2026-07-29 22:40:55.376 INFO  [main] c.e.a.engine.FingerprintService : New fingerprint 13d64596c0d56951de024b495b7b912546c6d214260bafcefb98c00b8063c77e created, alerting
2026-07-29 22:40:55.376 INFO  [main] c.e.a.engine.FingerprintService : Dedup complete: 1 total changes, 1 alertable
2026-07-29 22:40:55.388 INFO  [main] c.e.a.engine.FingerprintService : Dedup complete: 0 total changes, 0 alertable
2026-07-29 22:40:55.394 INFO  [main] c.e.a.engine.FingerprintService : New fingerprint b63b7d124cde498536c7539883efdac759e51660608d64c8cc434b3e8e4a0008 created, alerting
2026-07-29 22:40:55.394 INFO  [main] c.e.a.engine.FingerprintService : Fingerprint old-hash auto-resolved (no longer detected)
2026-07-29 22:40:55.394 INFO  [main] c.e.a.engine.FingerprintService : Dedup complete: 1 total changes, 1 alertable
2026-07-29 22:40:55.423 INFO  [main] c.e.a.e.DirectionalCompatibilityEvaluator : Compatibility evaluation complete: 0 total changes, 0 breaking
2026-07-29 22:40:55.426 INFO  [main] c.e.a.e.DirectionalCompatibilityEvaluator : Compatibility evaluation complete: 1 total changes, 1 breaking
2026-07-29 22:40:55.430 INFO  [main] c.e.a.e.DirectionalCompatibilityEvaluator : Compatibility evaluation complete: 1 total changes, 1 breaking
2026-07-29 22:40:55.432 INFO  [main] c.e.a.e.DirectionalCompatibilityEvaluator : Compatibility evaluation complete: 1 total changes, 0 breaking
2026-07-29 22:40:55.435 INFO  [main] c.e.a.e.DirectionalCompatibilityEvaluator : Compatibility evaluation complete: 4 total changes, 2 breaking
2026-07-29 22:40:55.436 INFO  [main] c.e.a.e.DirectionalCompatibilityEvaluator : Compatibility evaluation complete: 0 total changes, 0 breaking
2026-07-29 22:40:55.439 INFO  [main] c.e.a.e.DirectionalCompatibilityEvaluator : Compatibility evaluation complete: 2 total changes, 1 breaking
2026-07-29 22:40:55.441 INFO  [main] c.e.a.e.DirectionalCompatibilityEvaluator : Compatibility evaluation complete: 1 total changes, 0 breaking
2026-07-29 22:40:55.443 INFO  [main] c.e.a.e.DirectionalCompatibilityEvaluator : Compatibility evaluation complete: 1 total changes, 1 breaking
2026-07-29 22:40:55.599 DEBUG [main] c.e.a.e.telemetry.TelemetryRegistry : Registered: vendor=1, endpoint=/v1/test, field=null → test-svc
2026-07-29 22:40:55.602 DEBUG [main] c.e.a.e.telemetry.TelemetryRegistry : Dependency already exists: vendor=1, endpoint=/v1/charges, service=payment-service — skipping
2026-07-29 22:40:55.606 DEBUG [main] c.e.a.e.telemetry.TelemetryRegistry : Registered: vendor=1, endpoint=/v1/charges, field=/requestBody/properties/amount → payment-service
2026-07-29 22:40:55.610 DEBUG [main] c.e.a.e.telemetry.TelemetryRegistry : Telemetry hit: vendor=1, endpoint=/v1/charges, field=/requestBody/properties/amount → [payment-service, order-service]
2026-07-29 22:40:55.616 INFO  [main] c.e.a.e.t.UsageCorrelationService : Change on /v1/charges//parameters/page consumed by [payment-service] — severity escalated to CRITICAL
2026-07-29 22:40:55.620 INFO  [main] c.e.a.e.t.UsageCorrelationService : Change on /v1/charges//parameters/id consumed by [payment-service] — severity escalated to CRITICAL
2026-07-29 22:40:55.629 INFO  [main] c.e.a.e.t.UsageCorrelationService : Change on /v1/charges//parameters/id consumed by [payment-service, user-service, order-service] — severity escalated to CRITICAL
2026-07-29 22:40:55.632 INFO  [main] c.e.a.e.t.UsageCorrelationService : Change on /v1/charges//parameters/id not consumed — severity downgraded to LOW
2026-07-29 22:40:55.699 DEBUG [main] c.e.a.engine.EgressFetchService : SSRF validation passed for 93.184.216.34 -> 93.184.216.34
2026-07-29 22:41:30.833 INFO  [main] c.e.a.ApiDriftApplicationTests : Starting ApiDriftApplicationTests using Java 21.0.2 with PID 94825 (started by nishant in /Users/nishant/CODE/api-drift-engine)
2026-07-29 22:41:30.834 DEBUG [main] c.e.a.ApiDriftApplicationTests : Running with Spring Boot v3.3.0, Spring v6.1.8
2026-07-29 22:41:30.834 INFO  [main] c.e.a.ApiDriftApplicationTests : The following 1 profile is active: "test"
2026-07-29 22:41:32.951 WARN  [main] org.hibernate.orm.deprecation : HHH90000025: H2Dialect does not need to be specified explicitly using 'hibernate.dialect' (remove the property setting and it will be selected by default)
2026-07-29 22:41:34.981 DEBUG [main] c.e.a.e.telemetry.TelemetryRegistry : Mock data seeding is disabled (telemetry.seed-mock-data=false)
2026-07-29 22:41:35.073 ERROR [main] i.n.r.d.DnsServerAddressStreamProviders : Unable to load io.netty.resolver.dns.macos.MacOSDnsServerAddressStreamProvider, fallback to system defaults. This may result in incorrect DNS resolutions on MacOS. Check whether you have a dependency on 'io.netty:netty-resolver-dns-native-macos'. Use DEBUG level to see the full stack: java.lang.UnsatisfiedLinkError: failed to load the required native library
2026-07-29 22:41:35.214 INFO  [main] c.e.a.service.EncryptionService : Encryption service initialized with AES-256-GCM
2026-07-29 22:41:35.344 WARN  [main] o.s.b.a.o.j.JpaBaseConfiguration$JpaWebConfiguration : spring.jpa.open-in-view is enabled by default. Therefore, database queries may be performed during view rendering. Explicitly configure spring.jpa.open-in-view to disable this warning
2026-07-29 22:41:36.190 INFO  [main] c.e.a.ApiDriftApplicationTests : Started ApiDriftApplicationTests in 5.71 seconds (process running for 6.635)
2026-07-29 22:41:36.666 WARN  [main] c.e.a.service.VendorHealthService : Vendor 1 fetch failure 1/3 (1 total) — will retry
2026-07-29 22:41:36.667 INFO  [main] c.e.a.service.VendorHealthService : Vendor 1 circuit closed — fetch succeeded after 1 consecutive failures
2026-07-29 22:41:36.667 WARN  [main] c.e.a.service.VendorHealthService : Vendor 1 fetch failure 1/3 (1 total) — will retry
2026-07-29 22:41:36.669 WARN  [main] c.e.a.service.VendorHealthService : Vendor 1 fetch failure 1/3 (1 total) — will retry
2026-07-29 22:41:36.669 WARN  [main] c.e.a.service.VendorHealthService : Vendor 1 fetch failure 2/3 (2 total) — will retry
2026-07-29 22:41:36.670 WARN  [main] c.e.a.service.VendorHealthService : Vendor 1 fetch failure 1/3 (1 total) — will retry
2026-07-29 22:41:36.670 WARN  [main] c.e.a.service.VendorHealthService : Vendor 1 fetch failure 2/3 (2 total) — will retry
2026-07-29 22:41:36.670 INFO  [main] c.e.a.service.VendorHealthService : Vendor 1 circuit closed — fetch succeeded after 2 consecutive failures
2026-07-29 22:41:36.671 WARN  [main] c.e.a.service.VendorHealthService : Vendor 1 fetch failure 1/3 (1 total) — will retry
2026-07-29 22:41:36.672 WARN  [main] c.e.a.service.VendorHealthService : Vendor 1 fetch failure 1/3 (1 total) — will retry
2026-07-29 22:41:36.672 WARN  [main] c.e.a.service.VendorHealthService : Vendor 1 fetch failure 2/3 (2 total) — will retry
2026-07-29 22:41:36.672 WARN  [main] c.e.a.service.VendorHealthService : Vendor 1 circuit OPEN — 3 consecutive fetch failures, pausing for 1 min
2026-07-29 22:41:36.672 WARN  [main] c.e.a.service.VendorHealthService : Vendor 2 fetch failure 1/3 (1 total) — will retry
2026-07-29 22:41:36.673 WARN  [main] c.e.a.service.VendorHealthService : Vendor 1 fetch failure 1/3 (1 total) — will retry
2026-07-29 22:41:36.673 WARN  [main] c.e.a.service.VendorHealthService : Vendor 1 fetch failure 2/3 (2 total) — will retry
2026-07-29 22:41:36.673 WARN  [main] c.e.a.service.VendorHealthService : Vendor 1 circuit OPEN — 3 consecutive fetch failures, pausing for 30 min
2026-07-29 22:41:36.675 WARN  [main] c.e.a.service.VendorHealthService : Vendor 1 fetch failure 1/3 (1 total) — will retry
2026-07-29 22:41:36.675 WARN  [main] c.e.a.service.VendorHealthService : Vendor 1 fetch failure 2/3 (2 total) — will retry
2026-07-29 22:41:36.675 WARN  [main] c.e.a.service.VendorHealthService : Vendor 1 circuit OPEN — 3 consecutive fetch failures, pausing for 1 min
2026-07-29 22:41:36.675 INFO  [main] c.e.a.service.VendorHealthService : Vendor 1 circuit closed — fetch succeeded after 3 consecutive failures
2026-07-29 22:41:36.675 WARN  [main] c.e.a.service.VendorHealthService : Vendor 1 fetch failure 1/3 (1 total) — will retry
2026-07-29 22:41:36.675 WARN  [main] c.e.a.service.VendorHealthService : Vendor 1 fetch failure 2/3 (2 total) — will retry
2026-07-29 22:41:36.676 WARN  [main] c.e.a.service.VendorHealthService : Vendor 1 circuit OPEN — 3 consecutive fetch failures, pausing for 1 min
2026-07-29 22:41:36.676 INFO  [main] c.e.a.service.VendorHealthService : Vendor 1 health state reset
2026-07-29 22:41:36.678 WARN  [main] c.e.a.service.VendorHealthService : Vendor 1 fetch failure 1/3 (1 total) — will retry
2026-07-29 22:41:36.678 WARN  [main] c.e.a.service.VendorHealthService : Vendor 1 fetch failure 2/3 (2 total) — will retry
2026-07-29 22:41:36.678 WARN  [main] c.e.a.service.VendorHealthService : Vendor 1 circuit OPEN — 3 consecutive fetch failures, pausing for 1 min
2026-07-29 22:41:36.679 WARN  [main] c.e.a.service.VendorHealthService : Vendor 1 fetch failure 1/3 (1 total) — will retry
2026-07-29 22:41:37.140 INFO  [main] c.e.a.service.DashboardService : Dashboard built: 5 vendors (3 active), 0 active breaking changes across 0 vendors
2026-07-29 22:41:37.171 INFO  [main] c.e.a.service.DashboardService : Dashboard built: 5 vendors (3 active), 1 active breaking changes across 1 vendors
2026-07-29 22:41:37.184 INFO  [main] c.e.a.service.DashboardService : Dashboard built: 5 vendors (3 active), 3 active breaking changes across 2 vendors
2026-07-29 22:41:37.201 INFO  [main] c.e.a.service.DashboardService : Dashboard built: 5 vendors (3 active), 0 active breaking changes across 0 vendors
2026-07-29 22:41:37.207 INFO  [main] c.e.a.service.DashboardService : Dashboard built: 5 vendors (3 active), 0 active breaking changes across 0 vendors
2026-07-29 22:41:37.213 INFO  [main] c.e.a.service.EncryptionService : Encryption service initialized with AES-256-GCM
2026-07-29 22:41:37.215 INFO  [main] c.e.a.service.EncryptionService : Encryption service initialized with AES-256-GCM
2026-07-29 22:41:37.217 INFO  [main] c.e.a.service.EncryptionService : Encryption service initialized with AES-256-GCM
2026-07-29 22:41:37.222 INFO  [main] c.e.a.service.EncryptionService : Encryption service initialized with AES-256-GCM
2026-07-29 22:41:37.224 INFO  [main] c.e.a.service.EncryptionService : Encryption service initialized with AES-256-GCM
2026-07-29 22:41:37.227 INFO  [main] c.e.a.service.EncryptionService : Encryption service initialized with AES-256-GCM
2026-07-29 22:41:37.228 INFO  [main] c.e.a.service.EncryptionService : Encryption service initialized with AES-256-GCM
2026-07-29 22:41:37.230 INFO  [main] c.e.a.service.EncryptionService : Encryption service initialized with AES-256-GCM
2026-07-29 22:41:37.231 ERROR [main] c.e.a.service.EncryptionService : Decryption failed: Illegal base64 character 2d
2026-07-29 22:41:37.234 INFO  [main] c.e.a.service.EncryptionService : Encryption service initialized with AES-256-GCM
2026-07-29 22:41:37.236 INFO  [main] c.e.a.service.EncryptionService : Encryption service initialized with AES-256-GCM
2026-07-29 22:41:37.237 INFO  [main] c.e.a.service.EncryptionService : Encryption service initialized with AES-256-GCM
2026-07-29 22:41:37.240 ERROR [main] c.e.a.service.EncryptionService : Decryption failed: Tag mismatch
2026-07-29 22:41:37.256 DEBUG [main] c.e.a.engine.FingerprintService : Fingerprint 13d64596c0d56951de024b495b7b912546c6d214260bafcefb98c00b8063c77e already active, suppressing duplicate alert
2026-07-29 22:41:37.257 INFO  [main] c.e.a.engine.FingerprintService : Fingerprint abc123 auto-resolved (no longer detected)
2026-07-29 22:41:37.257 INFO  [main] c.e.a.engine.FingerprintService : Dedup complete: 1 total changes, 0 alertable
2026-07-29 22:41:37.260 INFO  [main] c.e.a.engine.FingerprintService : Fingerprint 13d64596c0d56951de024b495b7b912546c6d214260bafcefb98c00b8063c77e RESOLVED → re-activated, alerting
2026-07-29 22:41:37.261 INFO  [main] c.e.a.engine.FingerprintService : Dedup complete: 1 total changes, 1 alertable
2026-07-29 22:41:37.264 INFO  [main] c.e.a.engine.FingerprintService : New fingerprint 13d64596c0d56951de024b495b7b912546c6d214260bafcefb98c00b8063c77e created, alerting
2026-07-29 22:41:37.264 INFO  [main] c.e.a.engine.FingerprintService : Dedup complete: 1 total changes, 1 alertable
2026-07-29 22:41:37.274 INFO  [main] c.e.a.engine.FingerprintService : Dedup complete: 0 total changes, 0 alertable
2026-07-29 22:41:37.280 INFO  [main] c.e.a.engine.FingerprintService : New fingerprint b63b7d124cde498536c7539883efdac759e51660608d64c8cc434b3e8e4a0008 created, alerting
2026-07-29 22:41:37.280 INFO  [main] c.e.a.engine.FingerprintService : Fingerprint old-hash auto-resolved (no longer detected)
2026-07-29 22:41:37.280 INFO  [main] c.e.a.engine.FingerprintService : Dedup complete: 1 total changes, 1 alertable
2026-07-29 22:41:37.305 INFO  [main] c.e.a.e.DirectionalCompatibilityEvaluator : Compatibility evaluation complete: 0 total changes, 0 breaking
2026-07-29 22:41:37.307 INFO  [main] c.e.a.e.DirectionalCompatibilityEvaluator : Compatibility evaluation complete: 1 total changes, 1 breaking
2026-07-29 22:41:37.311 INFO  [main] c.e.a.e.DirectionalCompatibilityEvaluator : Compatibility evaluation complete: 1 total changes, 1 breaking
2026-07-29 22:41:37.313 INFO  [main] c.e.a.e.DirectionalCompatibilityEvaluator : Compatibility evaluation complete: 1 total changes, 0 breaking
2026-07-29 22:41:37.315 INFO  [main] c.e.a.e.DirectionalCompatibilityEvaluator : Compatibility evaluation complete: 4 total changes, 2 breaking
2026-07-29 22:41:37.316 INFO  [main] c.e.a.e.DirectionalCompatibilityEvaluator : Compatibility evaluation complete: 0 total changes, 0 breaking
2026-07-29 22:41:37.318 INFO  [main] c.e.a.e.DirectionalCompatibilityEvaluator : Compatibility evaluation complete: 2 total changes, 1 breaking
2026-07-29 22:41:37.319 INFO  [main] c.e.a.e.DirectionalCompatibilityEvaluator : Compatibility evaluation complete: 1 total changes, 0 breaking
2026-07-29 22:41:37.321 INFO  [main] c.e.a.e.DirectionalCompatibilityEvaluator : Compatibility evaluation complete: 1 total changes, 1 breaking
2026-07-29 22:41:37.473 DEBUG [main] c.e.a.e.telemetry.TelemetryRegistry : Registered: vendor=1, endpoint=/v1/test, field=null → test-svc
2026-07-29 22:41:37.478 DEBUG [main] c.e.a.e.telemetry.TelemetryRegistry : Dependency already exists: vendor=1, endpoint=/v1/charges, service=payment-service — skipping
2026-07-29 22:41:37.480 DEBUG [main] c.e.a.e.telemetry.TelemetryRegistry : Registered: vendor=1, endpoint=/v1/charges, field=/requestBody/properties/amount → payment-service
2026-07-29 22:41:37.485 DEBUG [main] c.e.a.e.telemetry.TelemetryRegistry : Telemetry hit: vendor=1, endpoint=/v1/charges, field=/requestBody/properties/amount → [order-service, payment-service]
2026-07-29 22:41:37.492 INFO  [main] c.e.a.e.t.UsageCorrelationService : Change on /v1/charges//parameters/page consumed by [payment-service] — severity escalated to CRITICAL
2026-07-29 22:41:37.495 INFO  [main] c.e.a.e.t.UsageCorrelationService : Change on /v1/charges//parameters/id consumed by [payment-service] — severity escalated to CRITICAL
2026-07-29 22:41:37.503 INFO  [main] c.e.a.e.t.UsageCorrelationService : Change on /v1/charges//parameters/id consumed by [order-service, user-service, payment-service] — severity escalated to CRITICAL
2026-07-29 22:41:37.504 INFO  [main] c.e.a.e.t.UsageCorrelationService : Change on /v1/charges//parameters/id not consumed — severity downgraded to LOW
2026-07-29 22:41:37.563 DEBUG [main] c.e.a.engine.EgressFetchService : SSRF validation passed for example.com -> 172.66.147.243
2026-07-29 22:43:38.924 INFO  [main] c.e.a.ApiDriftApplicationTests : Starting ApiDriftApplicationTests using Java 21.0.2 with PID 95567 (started by nishant in /Users/nishant/CODE/api-drift-engine)
2026-07-29 22:43:38.924 DEBUG [main] c.e.a.ApiDriftApplicationTests : Running with Spring Boot v3.3.0, Spring v6.1.8
2026-07-29 22:43:38.925 INFO  [main] c.e.a.ApiDriftApplicationTests : The following 1 profile is active: "test"
2026-07-29 22:43:41.352 WARN  [main] org.hibernate.orm.deprecation : HHH90000025: H2Dialect does not need to be specified explicitly using 'hibernate.dialect' (remove the property setting and it will be selected by default)
2026-07-29 22:43:44.090 DEBUG [main] c.e.a.e.telemetry.TelemetryRegistry : Mock data seeding is disabled (telemetry.seed-mock-data=false)
2026-07-29 22:43:44.241 ERROR [main] i.n.r.d.DnsServerAddressStreamProviders : Unable to load io.netty.resolver.dns.macos.MacOSDnsServerAddressStreamProvider, fallback to system defaults. This may result in incorrect DNS resolutions on MacOS. Check whether you have a dependency on 'io.netty:netty-resolver-dns-native-macos'. Use DEBUG level to see the full stack: java.lang.UnsatisfiedLinkError: failed to load the required native library
2026-07-29 22:43:44.441 INFO  [main] c.e.a.service.EncryptionService : Encryption service initialized with AES-256-GCM
2026-07-29 22:43:44.629 WARN  [main] o.s.b.a.o.j.JpaBaseConfiguration$JpaWebConfiguration : spring.jpa.open-in-view is enabled by default. Therefore, database queries may be performed during view rendering. Explicitly configure spring.jpa.open-in-view to disable this warning
2026-07-29 22:43:46.218 INFO  [main] c.e.a.ApiDriftApplicationTests : Started ApiDriftApplicationTests in 7.651 seconds (process running for 8.6)
2026-07-29 22:43:47.155 INFO  [main] c.e.a.c.VendorControllerTest : Starting VendorControllerTest using Java 21.0.2 with PID 95567 (started by nishant in /Users/nishant/CODE/api-drift-engine)
2026-07-29 22:43:47.179 DEBUG [main] c.e.a.c.VendorControllerTest : Running with Spring Boot v3.3.0, Spring v6.1.8
2026-07-29 22:43:47.180 INFO  [main] c.e.a.c.VendorControllerTest : No active profile set, falling back to 1 default profile: "default"
2026-07-29 22:43:48.125 INFO  [main] c.e.a.c.VendorControllerTest : Started VendorControllerTest in 1.06 seconds (process running for 10.507)
2026-07-29 22:43:48.217 INFO  [main] c.e.a.controller.VendorController : GET /api/v1/vendors/99
2026-07-29 22:43:48.352 INFO  [main] c.e.a.controller.VendorController : GET /api/v1/vendors/1
2026-07-29 22:43:48.428 INFO  [main] c.e.a.controller.VendorController : GET /api/v1/vendors — listing all vendors
2026-07-29 22:43:48.448 INFO  [main] c.e.a.controller.VendorController : GET /api/v1/vendors/1/health
2026-07-29 22:43:48.582 WARN  [main] c.e.a.service.VendorHealthService : Vendor 1 fetch failure 1/3 (1 total) — will retry
2026-07-29 22:43:48.584 INFO  [main] c.e.a.service.VendorHealthService : Vendor 1 circuit closed — fetch succeeded after 1 consecutive failures
2026-07-29 22:43:48.584 WARN  [main] c.e.a.service.VendorHealthService : Vendor 1 fetch failure 1/3 (1 total) — will retry
2026-07-29 22:43:48.586 WARN  [main] c.e.a.service.VendorHealthService : Vendor 1 fetch failure 1/3 (1 total) — will retry
2026-07-29 22:43:48.586 WARN  [main] c.e.a.service.VendorHealthService : Vendor 1 fetch failure 2/3 (2 total) — will retry
2026-07-29 22:43:48.587 WARN  [main] c.e.a.service.VendorHealthService : Vendor 1 fetch failure 1/3 (1 total) — will retry
2026-07-29 22:43:48.587 WARN  [main] c.e.a.service.VendorHealthService : Vendor 1 fetch failure 2/3 (2 total) — will retry
2026-07-29 22:43:48.587 INFO  [main] c.e.a.service.VendorHealthService : Vendor 1 circuit closed — fetch succeeded after 2 consecutive failures
2026-07-29 22:43:48.588 WARN  [main] c.e.a.service.VendorHealthService : Vendor 1 fetch failure 1/3 (1 total) — will retry
2026-07-29 22:43:48.589 WARN  [main] c.e.a.service.VendorHealthService : Vendor 1 fetch failure 1/3 (1 total) — will retry
2026-07-29 22:43:48.590 WARN  [main] c.e.a.service.VendorHealthService : Vendor 1 fetch failure 2/3 (2 total) — will retry
2026-07-29 22:43:48.590 WARN  [main] c.e.a.service.VendorHealthService : Vendor 1 circuit OPEN — 3 consecutive fetch failures, pausing for 1 min
2026-07-29 22:43:48.590 WARN  [main] c.e.a.service.VendorHealthService : Vendor 2 fetch failure 1/3 (1 total) — will retry
2026-07-29 22:43:48.591 WARN  [main] c.e.a.service.VendorHealthService : Vendor 1 fetch failure 1/3 (1 total) — will retry
2026-07-29 22:43:48.592 WARN  [main] c.e.a.service.VendorHealthService : Vendor 1 fetch failure 2/3 (2 total) — will retry
2026-07-29 22:43:48.592 WARN  [main] c.e.a.service.VendorHealthService : Vendor 1 circuit OPEN — 3 consecutive fetch failures, pausing for 30 min
2026-07-29 22:43:48.594 WARN  [main] c.e.a.service.VendorHealthService : Vendor 1 fetch failure 1/3 (1 total) — will retry
2026-07-29 22:43:48.594 WARN  [main] c.e.a.service.VendorHealthService : Vendor 1 fetch failure 2/3 (2 total) — will retry
2026-07-29 22:43:48.594 WARN  [main] c.e.a.service.VendorHealthService : Vendor 1 circuit OPEN — 3 consecutive fetch failures, pausing for 1 min
2026-07-29 22:43:48.595 INFO  [main] c.e.a.service.VendorHealthService : Vendor 1 circuit closed — fetch succeeded after 3 consecutive failures
2026-07-29 22:43:48.596 WARN  [main] c.e.a.service.VendorHealthService : Vendor 1 fetch failure 1/3 (1 total) — will retry
2026-07-29 22:43:48.596 WARN  [main] c.e.a.service.VendorHealthService : Vendor 1 fetch failure 2/3 (2 total) — will retry
2026-07-29 22:43:48.596 WARN  [main] c.e.a.service.VendorHealthService : Vendor 1 circuit OPEN — 3 consecutive fetch failures, pausing for 1 min
2026-07-29 22:43:48.596 INFO  [main] c.e.a.service.VendorHealthService : Vendor 1 health state reset
2026-07-29 22:43:48.599 WARN  [main] c.e.a.service.VendorHealthService : Vendor 1 fetch failure 1/3 (1 total) — will retry
2026-07-29 22:43:48.599 WARN  [main] c.e.a.service.VendorHealthService : Vendor 1 fetch failure 2/3 (2 total) — will retry
2026-07-29 22:43:48.599 WARN  [main] c.e.a.service.VendorHealthService : Vendor 1 circuit OPEN — 3 consecutive fetch failures, pausing for 1 min
2026-07-29 22:43:48.600 WARN  [main] c.e.a.service.VendorHealthService : Vendor 1 fetch failure 1/3 (1 total) — will retry
2026-07-29 22:43:48.898 INFO  [main] c.e.a.service.DashboardService : Dashboard built: 5 vendors (3 active), 0 active breaking changes across 0 vendors
2026-07-29 22:43:48.923 INFO  [main] c.e.a.service.DashboardService : Dashboard built: 5 vendors (3 active), 1 active breaking changes across 1 vendors
2026-07-29 22:43:48.938 INFO  [main] c.e.a.service.DashboardService : Dashboard built: 5 vendors (3 active), 3 active breaking changes across 2 vendors
2026-07-29 22:43:48.954 INFO  [main] c.e.a.service.DashboardService : Dashboard built: 5 vendors (3 active), 0 active breaking changes across 0 vendors
2026-07-29 22:43:48.958 INFO  [main] c.e.a.service.DashboardService : Dashboard built: 5 vendors (3 active), 0 active breaking changes across 0 vendors
2026-07-29 22:43:48.963 INFO  [main] c.e.a.service.EncryptionService : Encryption service initialized with AES-256-GCM
2026-07-29 22:43:48.964 INFO  [main] c.e.a.service.EncryptionService : Encryption service initialized with AES-256-GCM
2026-07-29 22:43:48.965 INFO  [main] c.e.a.service.EncryptionService : Encryption service initialized with AES-256-GCM
2026-07-29 22:43:48.972 INFO  [main] c.e.a.service.EncryptionService : Encryption service initialized with AES-256-GCM
2026-07-29 22:43:48.973 INFO  [main] c.e.a.service.EncryptionService : Encryption service initialized with AES-256-GCM
2026-07-29 22:43:48.975 INFO  [main] c.e.a.service.EncryptionService : Encryption service initialized with AES-256-GCM
2026-07-29 22:43:48.976 INFO  [main] c.e.a.service.EncryptionService : Encryption service initialized with AES-256-GCM
2026-07-29 22:43:48.977 INFO  [main] c.e.a.service.EncryptionService : Encryption service initialized with AES-256-GCM
2026-07-29 22:43:48.978 ERROR [main] c.e.a.service.EncryptionService : Decryption failed: Illegal base64 character 2d
2026-07-29 22:43:48.980 INFO  [main] c.e.a.service.EncryptionService : Encryption service initialized with AES-256-GCM
2026-07-29 22:43:48.981 INFO  [main] c.e.a.service.EncryptionService : Encryption service initialized with AES-256-GCM
2026-07-29 22:43:48.982 INFO  [main] c.e.a.service.EncryptionService : Encryption service initialized with AES-256-GCM
2026-07-29 22:43:48.983 ERROR [main] c.e.a.service.EncryptionService : Decryption failed: Tag mismatch
2026-07-29 22:43:48.995 DEBUG [main] c.e.a.engine.FingerprintService : Fingerprint 13d64596c0d56951de024b495b7b912546c6d214260bafcefb98c00b8063c77e already active, suppressing duplicate alert
2026-07-29 22:43:48.996 INFO  [main] c.e.a.engine.FingerprintService : Fingerprint abc123 auto-resolved (no longer detected)
2026-07-29 22:43:48.996 INFO  [main] c.e.a.engine.FingerprintService : Dedup complete: 1 total changes, 0 alertable
2026-07-29 22:43:48.999 INFO  [main] c.e.a.engine.FingerprintService : Fingerprint 13d64596c0d56951de024b495b7b912546c6d214260bafcefb98c00b8063c77e RESOLVED → re-activated, alerting
2026-07-29 22:43:48.999 INFO  [main] c.e.a.engine.FingerprintService : Dedup complete: 1 total changes, 1 alertable
2026-07-29 22:43:49.002 INFO  [main] c.e.a.engine.FingerprintService : New fingerprint 13d64596c0d56951de024b495b7b912546c6d214260bafcefb98c00b8063c77e created, alerting
2026-07-29 22:43:49.003 INFO  [main] c.e.a.engine.FingerprintService : Dedup complete: 1 total changes, 1 alertable
2026-07-29 22:43:49.011 INFO  [main] c.e.a.engine.FingerprintService : Dedup complete: 0 total changes, 0 alertable
2026-07-29 22:43:49.017 INFO  [main] c.e.a.engine.FingerprintService : New fingerprint b63b7d124cde498536c7539883efdac759e51660608d64c8cc434b3e8e4a0008 created, alerting
2026-07-29 22:43:49.017 INFO  [main] c.e.a.engine.FingerprintService : Fingerprint old-hash auto-resolved (no longer detected)
2026-07-29 22:43:49.017 INFO  [main] c.e.a.engine.FingerprintService : Dedup complete: 1 total changes, 1 alertable
2026-07-29 22:43:49.031 INFO  [main] c.e.a.e.DirectionalCompatibilityEvaluator : Compatibility evaluation complete: 0 total changes, 0 breaking
2026-07-29 22:43:49.034 INFO  [main] c.e.a.e.DirectionalCompatibilityEvaluator : Compatibility evaluation complete: 1 total changes, 1 breaking
2026-07-29 22:43:49.040 INFO  [main] c.e.a.e.DirectionalCompatibilityEvaluator : Compatibility evaluation complete: 1 total changes, 1 breaking
2026-07-29 22:43:49.042 INFO  [main] c.e.a.e.DirectionalCompatibilityEvaluator : Compatibility evaluation complete: 1 total changes, 0 breaking
2026-07-29 22:43:49.044 INFO  [main] c.e.a.e.DirectionalCompatibilityEvaluator : Compatibility evaluation complete: 4 total changes, 2 breaking
2026-07-29 22:43:49.047 INFO  [main] c.e.a.e.DirectionalCompatibilityEvaluator : Compatibility evaluation complete: 0 total changes, 0 breaking
2026-07-29 22:43:49.049 INFO  [main] c.e.a.e.DirectionalCompatibilityEvaluator : Compatibility evaluation complete: 2 total changes, 1 breaking
2026-07-29 22:43:49.051 INFO  [main] c.e.a.e.DirectionalCompatibilityEvaluator : Compatibility evaluation complete: 1 total changes, 0 breaking
2026-07-29 22:43:49.053 INFO  [main] c.e.a.e.DirectionalCompatibilityEvaluator : Compatibility evaluation complete: 1 total changes, 1 breaking
2026-07-29 22:43:49.192 DEBUG [main] c.e.a.e.telemetry.TelemetryRegistry : Registered: vendor=1, endpoint=/v1/test, field=null → test-svc
2026-07-29 22:43:49.195 DEBUG [main] c.e.a.e.telemetry.TelemetryRegistry : Dependency already exists: vendor=1, endpoint=/v1/charges, service=payment-service — skipping
2026-07-29 22:43:49.197 DEBUG [main] c.e.a.e.telemetry.TelemetryRegistry : Registered: vendor=1, endpoint=/v1/charges, field=/requestBody/properties/amount → payment-service
2026-07-29 22:43:49.203 DEBUG [main] c.e.a.e.telemetry.TelemetryRegistry : Telemetry hit: vendor=1, endpoint=/v1/charges, field=/requestBody/properties/amount → [payment-service, order-service]
2026-07-29 22:43:49.208 INFO  [main] c.e.a.e.t.UsageCorrelationService : Change on /v1/charges//parameters/page consumed by [payment-service] — severity escalated to CRITICAL
2026-07-29 22:43:49.210 INFO  [main] c.e.a.e.t.UsageCorrelationService : Change on /v1/charges//parameters/id consumed by [payment-service] — severity escalated to CRITICAL
2026-07-29 22:43:49.214 INFO  [main] c.e.a.e.t.UsageCorrelationService : Change on /v1/charges//parameters/id consumed by [user-service, order-service, payment-service] — severity escalated to CRITICAL
2026-07-29 22:43:49.216 INFO  [main] c.e.a.e.t.UsageCorrelationService : Change on /v1/charges//parameters/id not consumed — severity downgraded to LOW
2026-07-29 22:43:49.223 DEBUG [main] c.e.a.engine.EgressFetchService : SSRF validation passed for example.com -> 172.66.147.243
2026-07-29 22:44:56.547 INFO  [main] c.e.a.ApiDriftApplicationTests : Starting ApiDriftApplicationTests using Java 21.0.2 with PID 95754 (started by nishant in /Users/nishant/CODE/api-drift-engine)
2026-07-29 22:44:56.548 DEBUG [main] c.e.a.ApiDriftApplicationTests : Running with Spring Boot v3.3.0, Spring v6.1.8
2026-07-29 22:44:56.549 INFO  [main] c.e.a.ApiDriftApplicationTests : The following 1 profile is active: "test"
2026-07-29 22:44:58.845 WARN  [main] org.hibernate.orm.deprecation : HHH90000025: H2Dialect does not need to be specified explicitly using 'hibernate.dialect' (remove the property setting and it will be selected by default)
2026-07-29 22:45:00.876 DEBUG [main] c.e.a.e.telemetry.TelemetryRegistry : Mock data seeding is disabled (telemetry.seed-mock-data=false)
2026-07-29 22:45:00.969 ERROR [main] i.n.r.d.DnsServerAddressStreamProviders : Unable to load io.netty.resolver.dns.macos.MacOSDnsServerAddressStreamProvider, fallback to system defaults. This may result in incorrect DNS resolutions on MacOS. Check whether you have a dependency on 'io.netty:netty-resolver-dns-native-macos'. Use DEBUG level to see the full stack: java.lang.UnsatisfiedLinkError: failed to load the required native library
2026-07-29 22:45:01.113 INFO  [main] c.e.a.service.EncryptionService : Encryption service initialized with AES-256-GCM
2026-07-29 22:45:01.233 WARN  [main] o.s.b.a.o.j.JpaBaseConfiguration$JpaWebConfiguration : spring.jpa.open-in-view is enabled by default. Therefore, database queries may be performed during view rendering. Explicitly configure spring.jpa.open-in-view to disable this warning
2026-07-29 22:45:02.098 INFO  [main] c.e.a.ApiDriftApplicationTests : Started ApiDriftApplicationTests in 6.109 seconds (process running for 7.764)
2026-07-29 22:45:03.177 INFO  [main] c.e.a.controller.VendorController : PUT /api/v1/vendors/99 — updating to 'X'
2026-07-29 22:45:03.658 INFO  [main] c.e.a.controller.VendorController : GET /api/v1/vendors/99
2026-07-29 22:45:03.672 INFO  [main] c.e.a.controller.VendorController : POST /api/v1/vendors — creating vendor 'Stripe'
2026-07-29 22:45:03.673 INFO  [main] c.e.a.controller.VendorController : Vendor 'Stripe' created with id=1
2026-07-29 22:45:03.752 INFO  [main] c.e.a.controller.VendorController : POST /api/v1/vendors/1/health/reset
2026-07-29 22:45:03.797 INFO  [main] c.e.a.controller.VendorController : PUT /api/v1/vendors/1 — updating to 'New'
2026-07-29 22:45:03.798 INFO  [main] c.e.a.controller.VendorController : Vendor id=1 updated
2026-07-29 22:45:03.802 INFO  [main] c.e.a.controller.VendorController : GET /api/v1/vendors/99/health
2026-07-29 22:45:03.808 INFO  [main] c.e.a.controller.VendorController : DELETE /api/v1/vendors/1
2026-07-29 22:45:03.809 INFO  [main] c.e.a.controller.VendorController : Vendor id=1 deleted
2026-07-29 22:45:03.815 INFO  [main] c.e.a.controller.VendorController : DELETE /api/v1/vendors/99
2026-07-29 22:45:03.816 WARN  [main] c.e.a.controller.VendorController : Vendor id=99 not found for delete
2026-07-29 22:45:03.820 INFO  [main] c.e.a.controller.VendorController : POST /api/v1/vendors — creating vendor 'Stripe'
2026-07-29 22:45:03.820 WARN  [main] c.e.a.controller.VendorController : Vendor 'Stripe' already exists — conflict
2026-07-29 22:45:03.824 INFO  [main] c.e.a.controller.VendorController : GET /api/v1/vendors/1
2026-07-29 22:45:03.828 INFO  [main] c.e.a.controller.VendorController : GET /api/v1/vendors — listing all vendors
2026-07-29 22:45:03.848 INFO  [main] c.e.a.controller.VendorController : GET /api/v1/vendors/1/health
2026-07-29 22:45:03.881 WARN  [main] c.e.a.service.VendorHealthService : Vendor 1 fetch failure 1/3 (1 total) — will retry
2026-07-29 22:45:03.882 INFO  [main] c.e.a.service.VendorHealthService : Vendor 1 circuit closed — fetch succeeded after 1 consecutive failures
2026-07-29 22:45:03.882 WARN  [main] c.e.a.service.VendorHealthService : Vendor 1 fetch failure 1/3 (1 total) — will retry
2026-07-29 22:45:03.886 WARN  [main] c.e.a.service.VendorHealthService : Vendor 1 fetch failure 1/3 (1 total) — will retry
2026-07-29 22:45:03.887 WARN  [main] c.e.a.service.VendorHealthService : Vendor 1 fetch failure 2/3 (2 total) — will retry
2026-07-29 22:45:03.888 WARN  [main] c.e.a.service.VendorHealthService : Vendor 1 fetch failure 1/3 (1 total) — will retry
2026-07-29 22:45:03.889 WARN  [main] c.e.a.service.VendorHealthService : Vendor 1 fetch failure 2/3 (2 total) — will retry
2026-07-29 22:45:03.889 INFO  [main] c.e.a.service.VendorHealthService : Vendor 1 circuit closed — fetch succeeded after 2 consecutive failures
2026-07-29 22:45:03.891 WARN  [main] c.e.a.service.VendorHealthService : Vendor 1 fetch failure 1/3 (1 total) — will retry
2026-07-29 22:45:03.892 WARN  [main] c.e.a.service.VendorHealthService : Vendor 1 fetch failure 1/3 (1 total) — will retry
2026-07-29 22:45:03.893 WARN  [main] c.e.a.service.VendorHealthService : Vendor 1 fetch failure 2/3 (2 total) — will retry
2026-07-29 22:45:03.893 WARN  [main] c.e.a.service.VendorHealthService : Vendor 1 circuit OPEN — 3 consecutive fetch failures, pausing for 1 min
2026-07-29 22:45:03.894 WARN  [main] c.e.a.service.VendorHealthService : Vendor 2 fetch failure 1/3 (1 total) — will retry
2026-07-29 22:45:03.896 WARN  [main] c.e.a.service.VendorHealthService : Vendor 1 fetch failure 1/3 (1 total) — will retry
2026-07-29 22:45:03.897 WARN  [main] c.e.a.service.VendorHealthService : Vendor 1 fetch failure 2/3 (2 total) — will retry
2026-07-29 22:45:03.897 WARN  [main] c.e.a.service.VendorHealthService : Vendor 1 circuit OPEN — 3 consecutive fetch failures, pausing for 30 min
2026-07-29 22:45:03.900 WARN  [main] c.e.a.service.VendorHealthService : Vendor 1 fetch failure 1/3 (1 total) — will retry
2026-07-29 22:45:03.900 WARN  [main] c.e.a.service.VendorHealthService : Vendor 1 fetch failure 2/3 (2 total) — will retry
2026-07-29 22:45:03.900 WARN  [main] c.e.a.service.VendorHealthService : Vendor 1 circuit OPEN — 3 consecutive fetch failures, pausing for 1 min
2026-07-29 22:45:03.900 INFO  [main] c.e.a.service.VendorHealthService : Vendor 1 circuit closed — fetch succeeded after 3 consecutive failures
2026-07-29 22:45:03.902 WARN  [main] c.e.a.service.VendorHealthService : Vendor 1 fetch failure 1/3 (1 total) — will retry
2026-07-29 22:45:03.902 WARN  [main] c.e.a.service.VendorHealthService : Vendor 1 fetch failure 2/3 (2 total) — will retry
2026-07-29 22:45:03.902 WARN  [main] c.e.a.service.VendorHealthService : Vendor 1 circuit OPEN — 3 consecutive fetch failures, pausing for 1 min
2026-07-29 22:45:03.903 INFO  [main] c.e.a.service.VendorHealthService : Vendor 1 health state reset
2026-07-29 22:45:03.908 WARN  [main] c.e.a.service.VendorHealthService : Vendor 1 fetch failure 1/3 (1 total) — will retry
2026-07-29 22:45:03.908 WARN  [main] c.e.a.service.VendorHealthService : Vendor 1 fetch failure 2/3 (2 total) — will retry
2026-07-29 22:45:03.909 WARN  [main] c.e.a.service.VendorHealthService : Vendor 1 circuit OPEN — 3 consecutive fetch failures, pausing for 1 min
2026-07-29 22:45:03.911 WARN  [main] c.e.a.service.VendorHealthService : Vendor 1 fetch failure 1/3 (1 total) — will retry
2026-07-29 22:45:04.194 INFO  [main] c.e.a.service.DashboardService : Dashboard built: 5 vendors (3 active), 0 active breaking changes across 0 vendors
2026-07-29 22:45:04.204 INFO  [main] c.e.a.service.DashboardService : Dashboard built: 5 vendors (3 active), 1 active breaking changes across 1 vendors
2026-07-29 22:45:04.207 INFO  [main] c.e.a.service.DashboardService : Dashboard built: 5 vendors (3 active), 3 active breaking changes across 2 vendors
2026-07-29 22:45:04.212 INFO  [main] c.e.a.service.DashboardService : Dashboard built: 5 vendors (3 active), 0 active breaking changes across 0 vendors
2026-07-29 22:45:04.215 INFO  [main] c.e.a.service.DashboardService : Dashboard built: 5 vendors (3 active), 0 active breaking changes across 0 vendors
2026-07-29 22:45:04.224 INFO  [main] c.e.a.service.EncryptionService : Encryption service initialized with AES-256-GCM
2026-07-29 22:45:04.226 INFO  [main] c.e.a.service.EncryptionService : Encryption service initialized with AES-256-GCM
2026-07-29 22:45:04.228 INFO  [main] c.e.a.service.EncryptionService : Encryption service initialized with AES-256-GCM
2026-07-29 22:45:04.237 INFO  [main] c.e.a.service.EncryptionService : Encryption service initialized with AES-256-GCM
2026-07-29 22:45:04.240 INFO  [main] c.e.a.service.EncryptionService : Encryption service initialized with AES-256-GCM
2026-07-29 22:45:04.243 INFO  [main] c.e.a.service.EncryptionService : Encryption service initialized with AES-256-GCM
2026-07-29 22:45:04.246 INFO  [main] c.e.a.service.EncryptionService : Encryption service initialized with AES-256-GCM
2026-07-29 22:45:04.249 INFO  [main] c.e.a.service.EncryptionService : Encryption service initialized with AES-256-GCM
2026-07-29 22:45:04.252 ERROR [main] c.e.a.service.EncryptionService : Decryption failed: Illegal base64 character 2d
2026-07-29 22:45:04.258 INFO  [main] c.e.a.service.EncryptionService : Encryption service initialized with AES-256-GCM
2026-07-29 22:45:04.259 INFO  [main] c.e.a.service.EncryptionService : Encryption service initialized with AES-256-GCM
2026-07-29 22:45:04.260 INFO  [main] c.e.a.service.EncryptionService : Encryption service initialized with AES-256-GCM
2026-07-29 22:45:04.262 ERROR [main] c.e.a.service.EncryptionService : Decryption failed: Tag mismatch
2026-07-29 22:45:04.290 DEBUG [main] c.e.a.engine.FingerprintService : Fingerprint 13d64596c0d56951de024b495b7b912546c6d214260bafcefb98c00b8063c77e already active, suppressing duplicate alert
2026-07-29 22:45:04.292 INFO  [main] c.e.a.engine.FingerprintService : Fingerprint abc123 auto-resolved (no longer detected)
2026-07-29 22:45:04.293 INFO  [main] c.e.a.engine.FingerprintService : Dedup complete: 1 total changes, 0 alertable
2026-07-29 22:45:04.300 INFO  [main] c.e.a.engine.FingerprintService : Fingerprint 13d64596c0d56951de024b495b7b912546c6d214260bafcefb98c00b8063c77e RESOLVED → re-activated, alerting
2026-07-29 22:45:04.300 INFO  [main] c.e.a.engine.FingerprintService : Dedup complete: 1 total changes, 1 alertable
2026-07-29 22:45:04.309 INFO  [main] c.e.a.engine.FingerprintService : New fingerprint 13d64596c0d56951de024b495b7b912546c6d214260bafcefb98c00b8063c77e created, alerting
2026-07-29 22:45:04.310 INFO  [main] c.e.a.engine.FingerprintService : Dedup complete: 1 total changes, 1 alertable
2026-07-29 22:45:04.323 INFO  [main] c.e.a.engine.FingerprintService : Dedup complete: 0 total changes, 0 alertable
2026-07-29 22:45:04.334 INFO  [main] c.e.a.engine.FingerprintService : New fingerprint b63b7d124cde498536c7539883efdac759e51660608d64c8cc434b3e8e4a0008 created, alerting
2026-07-29 22:45:04.335 INFO  [main] c.e.a.engine.FingerprintService : Fingerprint old-hash auto-resolved (no longer detected)
2026-07-29 22:45:04.335 INFO  [main] c.e.a.engine.FingerprintService : Dedup complete: 1 total changes, 1 alertable
2026-07-29 22:45:04.394 INFO  [main] c.e.a.e.DirectionalCompatibilityEvaluator : Compatibility evaluation complete: 0 total changes, 0 breaking
2026-07-29 22:45:04.404 INFO  [main] c.e.a.e.DirectionalCompatibilityEvaluator : Compatibility evaluation complete: 1 total changes, 1 breaking
2026-07-29 22:45:04.424 INFO  [main] c.e.a.e.DirectionalCompatibilityEvaluator : Compatibility evaluation complete: 1 total changes, 1 breaking
2026-07-29 22:45:04.429 INFO  [main] c.e.a.e.DirectionalCompatibilityEvaluator : Compatibility evaluation complete: 1 total changes, 0 breaking
2026-07-29 22:45:04.438 INFO  [main] c.e.a.e.DirectionalCompatibilityEvaluator : Compatibility evaluation complete: 4 total changes, 2 breaking
2026-07-29 22:45:04.441 INFO  [main] c.e.a.e.DirectionalCompatibilityEvaluator : Compatibility evaluation complete: 0 total changes, 0 breaking
2026-07-29 22:45:04.443 INFO  [main] c.e.a.e.DirectionalCompatibilityEvaluator : Compatibility evaluation complete: 2 total changes, 1 breaking
2026-07-29 22:45:04.446 INFO  [main] c.e.a.e.DirectionalCompatibilityEvaluator : Compatibility evaluation complete: 1 total changes, 0 breaking
2026-07-29 22:45:04.450 INFO  [main] c.e.a.e.DirectionalCompatibilityEvaluator : Compatibility evaluation complete: 1 total changes, 1 breaking
2026-07-29 22:45:04.731 DEBUG [main] c.e.a.e.telemetry.TelemetryRegistry : Registered: vendor=1, endpoint=/v1/test, field=null → test-svc
2026-07-29 22:45:04.734 DEBUG [main] c.e.a.e.telemetry.TelemetryRegistry : Dependency already exists: vendor=1, endpoint=/v1/charges, service=payment-service — skipping
2026-07-29 22:45:04.736 DEBUG [main] c.e.a.e.telemetry.TelemetryRegistry : Registered: vendor=1, endpoint=/v1/charges, field=/requestBody/properties/amount → payment-service
2026-07-29 22:45:04.741 DEBUG [main] c.e.a.e.telemetry.TelemetryRegistry : Telemetry hit: vendor=1, endpoint=/v1/charges, field=/requestBody/properties/amount → [payment-service, order-service]
2026-07-29 22:45:04.750 INFO  [main] c.e.a.e.t.UsageCorrelationService : Change on /v1/charges//parameters/page consumed by [payment-service] — severity escalated to CRITICAL
2026-07-29 22:45:04.752 INFO  [main] c.e.a.e.t.UsageCorrelationService : Change on /v1/charges//parameters/id consumed by [payment-service] — severity escalated to CRITICAL
2026-07-29 22:45:04.770 INFO  [main] c.e.a.e.t.UsageCorrelationService : Change on /v1/charges//parameters/id consumed by [payment-service, user-service, order-service] — severity escalated to CRITICAL
2026-07-29 22:45:04.773 INFO  [main] c.e.a.e.t.UsageCorrelationService : Change on /v1/charges//parameters/id not consumed — severity downgraded to LOW
2026-07-29 22:45:04.789 DEBUG [main] c.e.a.engine.EgressFetchService : SSRF validation passed for example.com -> 172.66.147.243
2026-07-29 22:45:59.370 INFO  [main] c.e.a.ApiDriftApplicationTests : Starting ApiDriftApplicationTests using Java 21.0.2 with PID 95962 (started by nishant in /Users/nishant/CODE/api-drift-engine)
2026-07-29 22:45:59.371 DEBUG [main] c.e.a.ApiDriftApplicationTests : Running with Spring Boot v3.3.0, Spring v6.1.8
2026-07-29 22:45:59.372 INFO  [main] c.e.a.ApiDriftApplicationTests : The following 1 profile is active: "test"
2026-07-29 22:46:01.649 WARN  [main] org.hibernate.orm.deprecation : HHH90000025: H2Dialect does not need to be specified explicitly using 'hibernate.dialect' (remove the property setting and it will be selected by default)
2026-07-29 22:46:03.778 DEBUG [main] c.e.a.e.telemetry.TelemetryRegistry : Mock data seeding is disabled (telemetry.seed-mock-data=false)
2026-07-29 22:46:03.876 ERROR [main] i.n.r.d.DnsServerAddressStreamProviders : Unable to load io.netty.resolver.dns.macos.MacOSDnsServerAddressStreamProvider, fallback to system defaults. This may result in incorrect DNS resolutions on MacOS. Check whether you have a dependency on 'io.netty:netty-resolver-dns-native-macos'. Use DEBUG level to see the full stack: java.lang.UnsatisfiedLinkError: failed to load the required native library
2026-07-29 22:46:04.095 INFO  [main] c.e.a.service.EncryptionService : Encryption service initialized with AES-256-GCM
2026-07-29 22:46:04.280 WARN  [main] o.s.b.a.o.j.JpaBaseConfiguration$JpaWebConfiguration : spring.jpa.open-in-view is enabled by default. Therefore, database queries may be performed during view rendering. Explicitly configure spring.jpa.open-in-view to disable this warning
2026-07-29 22:46:05.299 INFO  [main] c.e.a.ApiDriftApplicationTests : Started ApiDriftApplicationTests in 6.299 seconds (process running for 7.409)
2026-07-29 22:46:06.187 INFO  [main] c.e.a.controller.VendorController : PUT /api/v1/vendors/99 — updating to 'X'
2026-07-29 22:46:06.368 INFO  [main] c.e.a.controller.VendorController : GET /api/v1/vendors/99
2026-07-29 22:46:06.377 INFO  [main] c.e.a.controller.VendorController : POST /api/v1/vendors — creating vendor 'Stripe'
2026-07-29 22:46:06.377 INFO  [main] c.e.a.controller.VendorController : Vendor 'Stripe' created with id=1
2026-07-29 22:46:06.394 INFO  [main] c.e.a.controller.VendorController : POST /api/v1/vendors/1/health/reset
2026-07-29 22:46:06.426 INFO  [main] c.e.a.controller.VendorController : PUT /api/v1/vendors/1 — updating to 'New'
2026-07-29 22:46:06.426 INFO  [main] c.e.a.controller.VendorController : Vendor id=1 updated
2026-07-29 22:46:06.430 INFO  [main] c.e.a.controller.VendorController : GET /api/v1/vendors/99/health
2026-07-29 22:46:06.434 INFO  [main] c.e.a.controller.VendorController : DELETE /api/v1/vendors/1
2026-07-29 22:46:06.434 INFO  [main] c.e.a.controller.VendorController : Vendor id=1 deleted
2026-07-29 22:46:06.437 INFO  [main] c.e.a.controller.VendorController : DELETE /api/v1/vendors/99
2026-07-29 22:46:06.437 WARN  [main] c.e.a.controller.VendorController : Vendor id=99 not found for delete
2026-07-29 22:46:06.440 INFO  [main] c.e.a.controller.VendorController : POST /api/v1/vendors — creating vendor 'Stripe'
2026-07-29 22:46:06.440 WARN  [main] c.e.a.controller.VendorController : Vendor 'Stripe' already exists — conflict
2026-07-29 22:46:06.443 INFO  [main] c.e.a.controller.VendorController : GET /api/v1/vendors/1
2026-07-29 22:46:06.456 INFO  [main] c.e.a.controller.VendorController : GET /api/v1/vendors — listing all vendors
2026-07-29 22:46:06.473 INFO  [main] c.e.a.controller.VendorController : GET /api/v1/vendors/1/health
2026-07-29 22:46:06.499 WARN  [main] c.e.a.service.VendorHealthService : Vendor 1 fetch failure 1/3 (1 total) — will retry
2026-07-29 22:46:06.499 INFO  [main] c.e.a.service.VendorHealthService : Vendor 1 circuit closed — fetch succeeded after 1 consecutive failures
2026-07-29 22:46:06.500 WARN  [main] c.e.a.service.VendorHealthService : Vendor 1 fetch failure 1/3 (1 total) — will retry
2026-07-29 22:46:06.502 WARN  [main] c.e.a.service.VendorHealthService : Vendor 1 fetch failure 1/3 (1 total) — will retry
2026-07-29 22:46:06.503 WARN  [main] c.e.a.service.VendorHealthService : Vendor 1 fetch failure 2/3 (2 total) — will retry
2026-07-29 22:46:06.504 WARN  [main] c.e.a.service.VendorHealthService : Vendor 1 fetch failure 1/3 (1 total) — will retry
2026-07-29 22:46:06.504 WARN  [main] c.e.a.service.VendorHealthService : Vendor 1 fetch failure 2/3 (2 total) — will retry
2026-07-29 22:46:06.505 INFO  [main] c.e.a.service.VendorHealthService : Vendor 1 circuit closed — fetch succeeded after 2 consecutive failures
2026-07-29 22:46:06.506 WARN  [main] c.e.a.service.VendorHealthService : Vendor 1 fetch failure 1/3 (1 total) — will retry
2026-07-29 22:46:06.507 WARN  [main] c.e.a.service.VendorHealthService : Vendor 1 fetch failure 1/3 (1 total) — will retry
2026-07-29 22:46:06.507 WARN  [main] c.e.a.service.VendorHealthService : Vendor 1 fetch failure 2/3 (2 total) — will retry
2026-07-29 22:46:06.507 WARN  [main] c.e.a.service.VendorHealthService : Vendor 1 circuit OPEN — 3 consecutive fetch failures, pausing for 1 min
2026-07-29 22:46:06.508 WARN  [main] c.e.a.service.VendorHealthService : Vendor 2 fetch failure 1/3 (1 total) — will retry
2026-07-29 22:46:06.509 WARN  [main] c.e.a.service.VendorHealthService : Vendor 1 fetch failure 1/3 (1 total) — will retry
2026-07-29 22:46:06.509 WARN  [main] c.e.a.service.VendorHealthService : Vendor 1 fetch failure 2/3 (2 total) — will retry
2026-07-29 22:46:06.509 WARN  [main] c.e.a.service.VendorHealthService : Vendor 1 circuit OPEN — 3 consecutive fetch failures, pausing for 30 min
2026-07-29 22:46:06.512 WARN  [main] c.e.a.service.VendorHealthService : Vendor 1 fetch failure 1/3 (1 total) — will retry
2026-07-29 22:46:06.513 WARN  [main] c.e.a.service.VendorHealthService : Vendor 1 fetch failure 2/3 (2 total) — will retry
2026-07-29 22:46:06.513 WARN  [main] c.e.a.service.VendorHealthService : Vendor 1 circuit OPEN — 3 consecutive fetch failures, pausing for 1 min
2026-07-29 22:46:06.513 INFO  [main] c.e.a.service.VendorHealthService : Vendor 1 circuit closed — fetch succeeded after 3 consecutive failures
2026-07-29 22:46:06.515 WARN  [main] c.e.a.service.VendorHealthService : Vendor 1 fetch failure 1/3 (1 total) — will retry
2026-07-29 22:46:06.515 WARN  [main] c.e.a.service.VendorHealthService : Vendor 1 fetch failure 2/3 (2 total) — will retry
2026-07-29 22:46:06.516 WARN  [main] c.e.a.service.VendorHealthService : Vendor 1 circuit OPEN — 3 consecutive fetch failures, pausing for 1 min
2026-07-29 22:46:06.516 INFO  [main] c.e.a.service.VendorHealthService : Vendor 1 health state reset
2026-07-29 22:46:06.519 WARN  [main] c.e.a.service.VendorHealthService : Vendor 1 fetch failure 1/3 (1 total) — will retry
2026-07-29 22:46:06.519 WARN  [main] c.e.a.service.VendorHealthService : Vendor 1 fetch failure 2/3 (2 total) — will retry
2026-07-29 22:46:06.519 WARN  [main] c.e.a.service.VendorHealthService : Vendor 1 circuit OPEN — 3 consecutive fetch failures, pausing for 1 min
2026-07-29 22:46:06.520 WARN  [main] c.e.a.service.VendorHealthService : Vendor 1 fetch failure 1/3 (1 total) — will retry
2026-07-29 22:46:06.764 INFO  [main] c.e.a.service.DashboardService : Dashboard built: 5 vendors (3 active), 0 active breaking changes across 0 vendors
2026-07-29 22:46:06.785 INFO  [main] c.e.a.service.DashboardService : Dashboard built: 5 vendors (3 active), 1 active breaking changes across 1 vendors
2026-07-29 22:46:06.789 INFO  [main] c.e.a.service.DashboardService : Dashboard built: 5 vendors (3 active), 3 active breaking changes across 2 vendors
2026-07-29 22:46:06.793 INFO  [main] c.e.a.service.DashboardService : Dashboard built: 5 vendors (3 active), 0 active breaking changes across 0 vendors
2026-07-29 22:46:06.797 INFO  [main] c.e.a.service.DashboardService : Dashboard built: 5 vendors (3 active), 0 active breaking changes across 0 vendors
2026-07-29 22:46:06.806 INFO  [main] c.e.a.service.EncryptionService : Encryption service initialized with AES-256-GCM
2026-07-29 22:46:06.807 INFO  [main] c.e.a.service.EncryptionService : Encryption service initialized with AES-256-GCM
2026-07-29 22:46:06.809 INFO  [main] c.e.a.service.EncryptionService : Encryption service initialized with AES-256-GCM
2026-07-29 22:46:06.820 INFO  [main] c.e.a.service.EncryptionService : Encryption service initialized with AES-256-GCM
2026-07-29 22:46:06.821 INFO  [main] c.e.a.service.EncryptionService : Encryption service initialized with AES-256-GCM
2026-07-29 22:46:06.824 INFO  [main] c.e.a.service.EncryptionService : Encryption service initialized with AES-256-GCM
2026-07-29 22:46:06.826 INFO  [main] c.e.a.service.EncryptionService : Encryption service initialized with AES-256-GCM
2026-07-29 22:46:06.827 INFO  [main] c.e.a.service.EncryptionService : Encryption service initialized with AES-256-GCM
2026-07-29 22:46:06.829 ERROR [main] c.e.a.service.EncryptionService : Decryption failed: Illegal base64 character 2d
2026-07-29 22:46:06.834 INFO  [main] c.e.a.service.EncryptionService : Encryption service initialized with AES-256-GCM
2026-07-29 22:46:06.835 INFO  [main] c.e.a.service.EncryptionService : Encryption service initialized with AES-256-GCM
2026-07-29 22:46:06.836 INFO  [main] c.e.a.service.EncryptionService : Encryption service initialized with AES-256-GCM
2026-07-29 22:46:06.837 ERROR [main] c.e.a.service.EncryptionService : Decryption failed: Tag mismatch
2026-07-29 22:46:06.852 DEBUG [main] c.e.a.engine.FingerprintService : Fingerprint 13d64596c0d56951de024b495b7b912546c6d214260bafcefb98c00b8063c77e already active, suppressing duplicate alert
2026-07-29 22:46:06.852 INFO  [main] c.e.a.engine.FingerprintService : Fingerprint abc123 auto-resolved (no longer detected)
2026-07-29 22:46:06.852 INFO  [main] c.e.a.engine.FingerprintService : Dedup complete: 1 total changes, 0 alertable
2026-07-29 22:46:06.855 INFO  [main] c.e.a.engine.FingerprintService : Fingerprint 13d64596c0d56951de024b495b7b912546c6d214260bafcefb98c00b8063c77e RESOLVED → re-activated, alerting
2026-07-29 22:46:06.855 INFO  [main] c.e.a.engine.FingerprintService : Dedup complete: 1 total changes, 1 alertable
2026-07-29 22:46:06.858 INFO  [main] c.e.a.engine.FingerprintService : New fingerprint 13d64596c0d56951de024b495b7b912546c6d214260bafcefb98c00b8063c77e created, alerting
2026-07-29 22:46:06.859 INFO  [main] c.e.a.engine.FingerprintService : Dedup complete: 1 total changes, 1 alertable
2026-07-29 22:46:06.865 INFO  [main] c.e.a.engine.FingerprintService : Dedup complete: 0 total changes, 0 alertable
2026-07-29 22:46:06.876 INFO  [main] c.e.a.engine.FingerprintService : New fingerprint b63b7d124cde498536c7539883efdac759e51660608d64c8cc434b3e8e4a0008 created, alerting
2026-07-29 22:46:06.876 INFO  [main] c.e.a.engine.FingerprintService : Fingerprint old-hash auto-resolved (no longer detected)
2026-07-29 22:46:06.876 INFO  [main] c.e.a.engine.FingerprintService : Dedup complete: 1 total changes, 1 alertable
2026-07-29 22:46:06.904 INFO  [main] c.e.a.e.DirectionalCompatibilityEvaluator : Compatibility evaluation complete: 0 total changes, 0 breaking
2026-07-29 22:46:06.906 INFO  [main] c.e.a.e.DirectionalCompatibilityEvaluator : Compatibility evaluation complete: 1 total changes, 1 breaking
2026-07-29 22:46:06.910 INFO  [main] c.e.a.e.DirectionalCompatibilityEvaluator : Compatibility evaluation complete: 1 total changes, 1 breaking
2026-07-29 22:46:06.912 INFO  [main] c.e.a.e.DirectionalCompatibilityEvaluator : Compatibility evaluation complete: 1 total changes, 0 breaking
2026-07-29 22:46:06.915 INFO  [main] c.e.a.e.DirectionalCompatibilityEvaluator : Compatibility evaluation complete: 4 total changes, 2 breaking
2026-07-29 22:46:06.917 INFO  [main] c.e.a.e.DirectionalCompatibilityEvaluator : Compatibility evaluation complete: 0 total changes, 0 breaking
2026-07-29 22:46:06.918 INFO  [main] c.e.a.e.DirectionalCompatibilityEvaluator : Compatibility evaluation complete: 2 total changes, 1 breaking
2026-07-29 22:46:06.920 INFO  [main] c.e.a.e.DirectionalCompatibilityEvaluator : Compatibility evaluation complete: 1 total changes, 0 breaking
2026-07-29 22:46:06.921 INFO  [main] c.e.a.e.DirectionalCompatibilityEvaluator : Compatibility evaluation complete: 1 total changes, 1 breaking
2026-07-29 22:46:07.076 DEBUG [main] c.e.a.e.telemetry.TelemetryRegistry : Registered: vendor=1, endpoint=/v1/test, field=null → test-svc
2026-07-29 22:46:07.079 DEBUG [main] c.e.a.e.telemetry.TelemetryRegistry : Dependency already exists: vendor=1, endpoint=/v1/charges, service=payment-service — skipping
2026-07-29 22:46:07.082 DEBUG [main] c.e.a.e.telemetry.TelemetryRegistry : Registered: vendor=1, endpoint=/v1/charges, field=/requestBody/properties/amount → payment-service
2026-07-29 22:46:07.087 DEBUG [main] c.e.a.e.telemetry.TelemetryRegistry : Telemetry hit: vendor=1, endpoint=/v1/charges, field=/requestBody/properties/amount → [order-service, payment-service]
2026-07-29 22:46:07.093 INFO  [main] c.e.a.e.t.UsageCorrelationService : Change on /v1/charges//parameters/page consumed by [payment-service] — severity escalated to CRITICAL
2026-07-29 22:46:07.097 INFO  [main] c.e.a.e.t.UsageCorrelationService : Change on /v1/charges//parameters/id consumed by [payment-service] — severity escalated to CRITICAL
2026-07-29 22:46:07.102 INFO  [main] c.e.a.e.t.UsageCorrelationService : Change on /v1/charges//parameters/id consumed by [order-service, user-service, payment-service] — severity escalated to CRITICAL
2026-07-29 22:46:07.106 INFO  [main] c.e.a.e.t.UsageCorrelationService : Change on /v1/charges//parameters/id not consumed — severity downgraded to LOW
2026-07-29 22:46:07.114 DEBUG [main] c.e.a.engine.EgressFetchService : SSRF validation passed for example.com -> 172.66.147.243
2026-07-29 22:46:40.806 INFO  [main] c.e.a.ApiDriftApplicationTests : Starting ApiDriftApplicationTests using Java 21.0.2 with PID 96126 (started by nishant in /Users/nishant/CODE/api-drift-engine)
2026-07-29 22:46:40.807 DEBUG [main] c.e.a.ApiDriftApplicationTests : Running with Spring Boot v3.3.0, Spring v6.1.8
2026-07-29 22:46:40.807 INFO  [main] c.e.a.ApiDriftApplicationTests : The following 1 profile is active: "test"
2026-07-29 22:46:43.862 WARN  [main] org.hibernate.orm.deprecation : HHH90000025: H2Dialect does not need to be specified explicitly using 'hibernate.dialect' (remove the property setting and it will be selected by default)
2026-07-29 22:46:46.442 DEBUG [main] c.e.a.e.telemetry.TelemetryRegistry : Mock data seeding is disabled (telemetry.seed-mock-data=false)
2026-07-29 22:46:46.569 ERROR [main] i.n.r.d.DnsServerAddressStreamProviders : Unable to load io.netty.resolver.dns.macos.MacOSDnsServerAddressStreamProvider, fallback to system defaults. This may result in incorrect DNS resolutions on MacOS. Check whether you have a dependency on 'io.netty:netty-resolver-dns-native-macos'. Use DEBUG level to see the full stack: java.lang.UnsatisfiedLinkError: failed to load the required native library
2026-07-29 22:46:46.766 INFO  [main] c.e.a.service.EncryptionService : Encryption service initialized with AES-256-GCM
2026-07-29 22:46:46.896 WARN  [main] o.s.b.a.o.j.JpaBaseConfiguration$JpaWebConfiguration : spring.jpa.open-in-view is enabled by default. Therefore, database queries may be performed during view rendering. Explicitly configure spring.jpa.open-in-view to disable this warning
2026-07-29 22:46:47.943 INFO  [main] c.e.a.ApiDriftApplicationTests : Started ApiDriftApplicationTests in 7.705 seconds (process running for 9.083)
2026-07-29 22:46:48.899 INFO  [main] c.e.a.controller.VendorController : PUT /api/v1/vendors/99 — updating to 'X'
2026-07-29 22:46:49.095 INFO  [main] c.e.a.controller.VendorController : GET /api/v1/vendors/99
2026-07-29 22:46:49.107 INFO  [main] c.e.a.controller.VendorController : POST /api/v1/vendors — creating vendor 'Stripe'
2026-07-29 22:46:49.108 INFO  [main] c.e.a.controller.VendorController : Vendor 'Stripe' created with id=1
2026-07-29 22:46:49.123 INFO  [main] c.e.a.controller.VendorController : POST /api/v1/vendors/1/health/reset
2026-07-29 22:46:49.164 INFO  [main] c.e.a.controller.VendorController : PUT /api/v1/vendors/1 — updating to 'New'
2026-07-29 22:46:49.165 INFO  [main] c.e.a.controller.VendorController : Vendor id=1 updated
2026-07-29 22:46:49.168 INFO  [main] c.e.a.controller.VendorController : GET /api/v1/vendors/99/health
2026-07-29 22:46:49.171 INFO  [main] c.e.a.controller.VendorController : DELETE /api/v1/vendors/1
2026-07-29 22:46:49.171 INFO  [main] c.e.a.controller.VendorController : Vendor id=1 deleted
2026-07-29 22:46:49.174 INFO  [main] c.e.a.controller.VendorController : DELETE /api/v1/vendors/99
2026-07-29 22:46:49.174 WARN  [main] c.e.a.controller.VendorController : Vendor id=99 not found for delete
2026-07-29 22:46:49.177 INFO  [main] c.e.a.controller.VendorController : POST /api/v1/vendors — creating vendor 'Stripe'
2026-07-29 22:46:49.178 WARN  [main] c.e.a.controller.VendorController : Vendor 'Stripe' already exists — conflict
2026-07-29 22:46:49.180 INFO  [main] c.e.a.controller.VendorController : GET /api/v1/vendors/1
2026-07-29 22:46:49.184 INFO  [main] c.e.a.controller.VendorController : GET /api/v1/vendors — listing all vendors
2026-07-29 22:46:49.201 INFO  [main] c.e.a.controller.VendorController : GET /api/v1/vendors/1/health
2026-07-29 22:46:49.226 WARN  [main] c.e.a.service.VendorHealthService : Vendor 1 fetch failure 1/3 (1 total) — will retry
2026-07-29 22:46:49.226 INFO  [main] c.e.a.service.VendorHealthService : Vendor 1 circuit closed — fetch succeeded after 1 consecutive failures
2026-07-29 22:46:49.227 WARN  [main] c.e.a.service.VendorHealthService : Vendor 1 fetch failure 1/3 (1 total) — will retry
2026-07-29 22:46:49.229 WARN  [main] c.e.a.service.VendorHealthService : Vendor 1 fetch failure 1/3 (1 total) — will retry
2026-07-29 22:46:49.229 WARN  [main] c.e.a.service.VendorHealthService : Vendor 1 fetch failure 2/3 (2 total) — will retry
2026-07-29 22:46:49.230 WARN  [main] c.e.a.service.VendorHealthService : Vendor 1 fetch failure 1/3 (1 total) — will retry
2026-07-29 22:46:49.230 WARN  [main] c.e.a.service.VendorHealthService : Vendor 1 fetch failure 2/3 (2 total) — will retry
2026-07-29 22:46:49.230 INFO  [main] c.e.a.service.VendorHealthService : Vendor 1 circuit closed — fetch succeeded after 2 consecutive failures
2026-07-29 22:46:49.231 WARN  [main] c.e.a.service.VendorHealthService : Vendor 1 fetch failure 1/3 (1 total) — will retry
2026-07-29 22:46:49.232 WARN  [main] c.e.a.service.VendorHealthService : Vendor 1 fetch failure 1/3 (1 total) — will retry
2026-07-29 22:46:49.232 WARN  [main] c.e.a.service.VendorHealthService : Vendor 1 fetch failure 2/3 (2 total) — will retry
2026-07-29 22:46:49.233 WARN  [main] c.e.a.service.VendorHealthService : Vendor 1 circuit OPEN — 3 consecutive fetch failures, pausing for 1 min
2026-07-29 22:46:49.233 WARN  [main] c.e.a.service.VendorHealthService : Vendor 2 fetch failure 1/3 (1 total) — will retry
2026-07-29 22:46:49.234 WARN  [main] c.e.a.service.VendorHealthService : Vendor 1 fetch failure 1/3 (1 total) — will retry
2026-07-29 22:46:49.234 WARN  [main] c.e.a.service.VendorHealthService : Vendor 1 fetch failure 2/3 (2 total) — will retry
2026-07-29 22:46:49.234 WARN  [main] c.e.a.service.VendorHealthService : Vendor 1 circuit OPEN — 3 consecutive fetch failures, pausing for 30 min
2026-07-29 22:46:49.237 WARN  [main] c.e.a.service.VendorHealthService : Vendor 1 fetch failure 1/3 (1 total) — will retry
2026-07-29 22:46:49.237 WARN  [main] c.e.a.service.VendorHealthService : Vendor 1 fetch failure 2/3 (2 total) — will retry
2026-07-29 22:46:49.238 WARN  [main] c.e.a.service.VendorHealthService : Vendor 1 circuit OPEN — 3 consecutive fetch failures, pausing for 1 min
2026-07-29 22:46:49.238 INFO  [main] c.e.a.service.VendorHealthService : Vendor 1 circuit closed — fetch succeeded after 3 consecutive failures
2026-07-29 22:46:49.239 WARN  [main] c.e.a.service.VendorHealthService : Vendor 1 fetch failure 1/3 (1 total) — will retry
2026-07-29 22:46:49.239 WARN  [main] c.e.a.service.VendorHealthService : Vendor 1 fetch failure 2/3 (2 total) — will retry
2026-07-29 22:46:49.239 WARN  [main] c.e.a.service.VendorHealthService : Vendor 1 circuit OPEN — 3 consecutive fetch failures, pausing for 1 min
2026-07-29 22:46:49.239 INFO  [main] c.e.a.service.VendorHealthService : Vendor 1 health state reset
2026-07-29 22:46:49.242 WARN  [main] c.e.a.service.VendorHealthService : Vendor 1 fetch failure 1/3 (1 total) — will retry
2026-07-29 22:46:49.243 WARN  [main] c.e.a.service.VendorHealthService : Vendor 1 fetch failure 2/3 (2 total) — will retry
2026-07-29 22:46:49.243 WARN  [main] c.e.a.service.VendorHealthService : Vendor 1 circuit OPEN — 3 consecutive fetch failures, pausing for 1 min
2026-07-29 22:46:49.244 WARN  [main] c.e.a.service.VendorHealthService : Vendor 1 fetch failure 1/3 (1 total) — will retry
2026-07-29 22:46:49.446 INFO  [main] c.e.a.service.DashboardService : Dashboard built: 5 vendors (3 active), 0 active breaking changes across 0 vendors
2026-07-29 22:46:49.455 INFO  [main] c.e.a.service.DashboardService : Dashboard built: 5 vendors (3 active), 1 active breaking changes across 1 vendors
2026-07-29 22:46:49.458 INFO  [main] c.e.a.service.DashboardService : Dashboard built: 5 vendors (3 active), 3 active breaking changes across 2 vendors
2026-07-29 22:46:49.462 INFO  [main] c.e.a.service.DashboardService : Dashboard built: 5 vendors (3 active), 0 active breaking changes across 0 vendors
2026-07-29 22:46:49.465 INFO  [main] c.e.a.service.DashboardService : Dashboard built: 5 vendors (3 active), 0 active breaking changes across 0 vendors
2026-07-29 22:46:49.474 INFO  [main] c.e.a.service.EncryptionService : Encryption service initialized with AES-256-GCM
2026-07-29 22:46:49.475 INFO  [main] c.e.a.service.EncryptionService : Encryption service initialized with AES-256-GCM
2026-07-29 22:46:49.476 INFO  [main] c.e.a.service.EncryptionService : Encryption service initialized with AES-256-GCM
2026-07-29 22:46:49.483 INFO  [main] c.e.a.service.EncryptionService : Encryption service initialized with AES-256-GCM
2026-07-29 22:46:49.486 INFO  [main] c.e.a.service.EncryptionService : Encryption service initialized with AES-256-GCM
2026-07-29 22:46:49.491 INFO  [main] c.e.a.service.EncryptionService : Encryption service initialized with AES-256-GCM
2026-07-29 22:46:49.493 INFO  [main] c.e.a.service.EncryptionService : Encryption service initialized with AES-256-GCM
2026-07-29 22:46:49.495 INFO  [main] c.e.a.service.EncryptionService : Encryption service initialized with AES-256-GCM
2026-07-29 22:46:49.497 ERROR [main] c.e.a.service.EncryptionService : Decryption failed: Illegal base64 character 2d
2026-07-29 22:46:49.501 INFO  [main] c.e.a.service.EncryptionService : Encryption service initialized with AES-256-GCM
2026-07-29 22:46:49.503 INFO  [main] c.e.a.service.EncryptionService : Encryption service initialized with AES-256-GCM
2026-07-29 22:46:49.504 INFO  [main] c.e.a.service.EncryptionService : Encryption service initialized with AES-256-GCM
2026-07-29 22:46:49.505 ERROR [main] c.e.a.service.EncryptionService : Decryption failed: Tag mismatch
2026-07-29 22:46:49.529 DEBUG [main] c.e.a.engine.FingerprintService : Fingerprint 13d64596c0d56951de024b495b7b912546c6d214260bafcefb98c00b8063c77e already active, suppressing duplicate alert
2026-07-29 22:46:49.529 INFO  [main] c.e.a.engine.FingerprintService : Fingerprint abc123 auto-resolved (no longer detected)
2026-07-29 22:46:49.529 INFO  [main] c.e.a.engine.FingerprintService : Dedup complete: 1 total changes, 0 alertable
2026-07-29 22:46:49.534 INFO  [main] c.e.a.engine.FingerprintService : Fingerprint 13d64596c0d56951de024b495b7b912546c6d214260bafcefb98c00b8063c77e RESOLVED → re-activated, alerting
2026-07-29 22:46:49.534 INFO  [main] c.e.a.engine.FingerprintService : Dedup complete: 1 total changes, 1 alertable
2026-07-29 22:46:49.542 INFO  [main] c.e.a.engine.FingerprintService : New fingerprint 13d64596c0d56951de024b495b7b912546c6d214260bafcefb98c00b8063c77e created, alerting
2026-07-29 22:46:49.542 INFO  [main] c.e.a.engine.FingerprintService : Dedup complete: 1 total changes, 1 alertable
2026-07-29 22:46:49.549 INFO  [main] c.e.a.engine.FingerprintService : Dedup complete: 0 total changes, 0 alertable
2026-07-29 22:46:49.560 INFO  [main] c.e.a.engine.FingerprintService : New fingerprint b63b7d124cde498536c7539883efdac759e51660608d64c8cc434b3e8e4a0008 created, alerting
2026-07-29 22:46:49.561 INFO  [main] c.e.a.engine.FingerprintService : Fingerprint old-hash auto-resolved (no longer detected)
2026-07-29 22:46:49.561 INFO  [main] c.e.a.engine.FingerprintService : Dedup complete: 1 total changes, 1 alertable
2026-07-29 22:46:49.593 INFO  [main] c.e.a.e.DirectionalCompatibilityEvaluator : Compatibility evaluation complete: 0 total changes, 0 breaking
2026-07-29 22:46:49.596 INFO  [main] c.e.a.e.DirectionalCompatibilityEvaluator : Compatibility evaluation complete: 1 total changes, 1 breaking
2026-07-29 22:46:49.601 INFO  [main] c.e.a.e.DirectionalCompatibilityEvaluator : Compatibility evaluation complete: 1 total changes, 1 breaking
2026-07-29 22:46:49.603 INFO  [main] c.e.a.e.DirectionalCompatibilityEvaluator : Compatibility evaluation complete: 1 total changes, 0 breaking
2026-07-29 22:46:49.606 INFO  [main] c.e.a.e.DirectionalCompatibilityEvaluator : Compatibility evaluation complete: 4 total changes, 2 breaking
2026-07-29 22:46:49.608 INFO  [main] c.e.a.e.DirectionalCompatibilityEvaluator : Compatibility evaluation complete: 0 total changes, 0 breaking
2026-07-29 22:46:49.611 INFO  [main] c.e.a.e.DirectionalCompatibilityEvaluator : Compatibility evaluation complete: 2 total changes, 1 breaking
2026-07-29 22:46:49.613 INFO  [main] c.e.a.e.DirectionalCompatibilityEvaluator : Compatibility evaluation complete: 1 total changes, 0 breaking
2026-07-29 22:46:49.614 INFO  [main] c.e.a.e.DirectionalCompatibilityEvaluator : Compatibility evaluation complete: 1 total changes, 1 breaking
2026-07-29 22:46:49.775 DEBUG [main] c.e.a.e.telemetry.TelemetryRegistry : Registered: vendor=1, endpoint=/v1/test, field=null → test-svc
2026-07-29 22:46:49.777 DEBUG [main] c.e.a.e.telemetry.TelemetryRegistry : Dependency already exists: vendor=1, endpoint=/v1/charges, service=payment-service — skipping
2026-07-29 22:46:49.780 DEBUG [main] c.e.a.e.telemetry.TelemetryRegistry : Registered: vendor=1, endpoint=/v1/charges, field=/requestBody/properties/amount → payment-service
2026-07-29 22:46:49.785 DEBUG [main] c.e.a.e.telemetry.TelemetryRegistry : Telemetry hit: vendor=1, endpoint=/v1/charges, field=/requestBody/properties/amount → [payment-service, order-service]
2026-07-29 22:46:49.794 INFO  [main] c.e.a.e.t.UsageCorrelationService : Change on /v1/charges//parameters/page consumed by [payment-service] — severity escalated to CRITICAL
2026-07-29 22:46:49.796 INFO  [main] c.e.a.e.t.UsageCorrelationService : Change on /v1/charges//parameters/id consumed by [payment-service] — severity escalated to CRITICAL
2026-07-29 22:46:49.801 INFO  [main] c.e.a.e.t.UsageCorrelationService : Change on /v1/charges//parameters/id consumed by [payment-service, user-service, order-service] — severity escalated to CRITICAL
2026-07-29 22:46:49.803 INFO  [main] c.e.a.e.t.UsageCorrelationService : Change on /v1/charges//parameters/id not consumed — severity downgraded to LOW
2026-07-29 22:46:49.818 DEBUG [main] c.e.a.engine.EgressFetchService : SSRF validation passed for example.com -> 172.66.147.243
2026-07-29 22:48:23.361 INFO  [main] c.e.a.ApiDriftApplicationTests : Starting ApiDriftApplicationTests using Java 21.0.2 with PID 96443 (started by nishant in /Users/nishant/CODE/api-drift-engine)
2026-07-29 22:48:23.362 DEBUG [main] c.e.a.ApiDriftApplicationTests : Running with Spring Boot v3.3.0, Spring v6.1.8
2026-07-29 22:48:23.362 INFO  [main] c.e.a.ApiDriftApplicationTests : The following 1 profile is active: "test"
2026-07-29 22:48:25.788 WARN  [main] org.hibernate.orm.deprecation : HHH90000025: H2Dialect does not need to be specified explicitly using 'hibernate.dialect' (remove the property setting and it will be selected by default)
2026-07-29 22:48:27.963 DEBUG [main] c.e.a.e.telemetry.TelemetryRegistry : Mock data seeding is disabled (telemetry.seed-mock-data=false)
2026-07-29 22:48:28.067 ERROR [main] i.n.r.d.DnsServerAddressStreamProviders : Unable to load io.netty.resolver.dns.macos.MacOSDnsServerAddressStreamProvider, fallback to system defaults. This may result in incorrect DNS resolutions on MacOS. Check whether you have a dependency on 'io.netty:netty-resolver-dns-native-macos'. Use DEBUG level to see the full stack: java.lang.UnsatisfiedLinkError: failed to load the required native library
2026-07-29 22:48:28.237 INFO  [main] c.e.a.service.EncryptionService : Encryption service initialized with AES-256-GCM
2026-07-29 22:48:28.394 WARN  [main] o.s.b.a.o.j.JpaBaseConfiguration$JpaWebConfiguration : spring.jpa.open-in-view is enabled by default. Therefore, database queries may be performed during view rendering. Explicitly configure spring.jpa.open-in-view to disable this warning
2026-07-29 22:48:29.537 INFO  [main] c.e.a.ApiDriftApplicationTests : Started ApiDriftApplicationTests in 6.55 seconds (process running for 7.657)
2026-07-29 22:48:30.484 INFO  [main] c.e.a.controller.VendorController : PUT /api/v1/vendors/99 — updating to 'X'
2026-07-29 22:48:30.671 INFO  [main] c.e.a.controller.VendorController : GET /api/v1/vendors/99
2026-07-29 22:48:30.683 INFO  [main] c.e.a.controller.VendorController : POST /api/v1/vendors — creating vendor 'Stripe'
2026-07-29 22:48:30.684 INFO  [main] c.e.a.controller.VendorController : Vendor 'Stripe' created with id=1
2026-07-29 22:48:30.699 INFO  [main] c.e.a.controller.VendorController : POST /api/v1/vendors/1/health/reset
2026-07-29 22:48:30.732 INFO  [main] c.e.a.controller.VendorController : PUT /api/v1/vendors/1 — updating to 'New'
2026-07-29 22:48:30.732 INFO  [main] c.e.a.controller.VendorController : Vendor id=1 updated
2026-07-29 22:48:30.735 INFO  [main] c.e.a.controller.VendorController : GET /api/v1/vendors/99/health
2026-07-29 22:48:30.738 INFO  [main] c.e.a.controller.VendorController : DELETE /api/v1/vendors/1
2026-07-29 22:48:30.738 INFO  [main] c.e.a.controller.VendorController : Vendor id=1 deleted
2026-07-29 22:48:30.743 INFO  [main] c.e.a.controller.VendorController : DELETE /api/v1/vendors/99
2026-07-29 22:48:30.744 WARN  [main] c.e.a.controller.VendorController : Vendor id=99 not found for delete
2026-07-29 22:48:30.747 INFO  [main] c.e.a.controller.VendorController : POST /api/v1/vendors — creating vendor 'Stripe'
2026-07-29 22:48:30.747 WARN  [main] c.e.a.controller.VendorController : Vendor 'Stripe' already exists — conflict
2026-07-29 22:48:30.750 INFO  [main] c.e.a.controller.VendorController : GET /api/v1/vendors/1
2026-07-29 22:48:30.753 INFO  [main] c.e.a.controller.VendorController : GET /api/v1/vendors — listing all vendors
2026-07-29 22:48:30.773 INFO  [main] c.e.a.controller.VendorController : GET /api/v1/vendors/1/health
2026-07-29 22:48:30.801 WARN  [main] c.e.a.service.VendorHealthService : Vendor 1 fetch failure 1/3 (1 total) — will retry
2026-07-29 22:48:30.801 INFO  [main] c.e.a.service.VendorHealthService : Vendor 1 circuit closed — fetch succeeded after 1 consecutive failures
2026-07-29 22:48:30.801 WARN  [main] c.e.a.service.VendorHealthService : Vendor 1 fetch failure 1/3 (1 total) — will retry
2026-07-29 22:48:30.803 WARN  [main] c.e.a.service.VendorHealthService : Vendor 1 fetch failure 1/3 (1 total) — will retry
2026-07-29 22:48:30.803 WARN  [main] c.e.a.service.VendorHealthService : Vendor 1 fetch failure 2/3 (2 total) — will retry
2026-07-29 22:48:30.805 WARN  [main] c.e.a.service.VendorHealthService : Vendor 1 fetch failure 1/3 (1 total) — will retry
2026-07-29 22:48:30.805 WARN  [main] c.e.a.service.VendorHealthService : Vendor 1 fetch failure 2/3 (2 total) — will retry
2026-07-29 22:48:30.805 INFO  [main] c.e.a.service.VendorHealthService : Vendor 1 circuit closed — fetch succeeded after 2 consecutive failures
2026-07-29 22:48:30.807 WARN  [main] c.e.a.service.VendorHealthService : Vendor 1 fetch failure 1/3 (1 total) — will retry
2026-07-29 22:48:30.808 WARN  [main] c.e.a.service.VendorHealthService : Vendor 1 fetch failure 1/3 (1 total) — will retry
2026-07-29 22:48:30.809 WARN  [main] c.e.a.service.VendorHealthService : Vendor 1 fetch failure 2/3 (2 total) — will retry
2026-07-29 22:48:30.809 WARN  [main] c.e.a.service.VendorHealthService : Vendor 1 circuit OPEN — 3 consecutive fetch failures, pausing for 1 min
2026-07-29 22:48:30.809 WARN  [main] c.e.a.service.VendorHealthService : Vendor 2 fetch failure 1/3 (1 total) — will retry
2026-07-29 22:48:30.811 WARN  [main] c.e.a.service.VendorHealthService : Vendor 1 fetch failure 1/3 (1 total) — will retry
2026-07-29 22:48:30.812 WARN  [main] c.e.a.service.VendorHealthService : Vendor 1 fetch failure 2/3 (2 total) — will retry
2026-07-29 22:48:30.812 WARN  [main] c.e.a.service.VendorHealthService : Vendor 1 circuit OPEN — 3 consecutive fetch failures, pausing for 30 min
2026-07-29 22:48:30.814 WARN  [main] c.e.a.service.VendorHealthService : Vendor 1 fetch failure 1/3 (1 total) — will retry
2026-07-29 22:48:30.815 WARN  [main] c.e.a.service.VendorHealthService : Vendor 1 fetch failure 2/3 (2 total) — will retry
2026-07-29 22:48:30.815 WARN  [main] c.e.a.service.VendorHealthService : Vendor 1 circuit OPEN — 3 consecutive fetch failures, pausing for 1 min
2026-07-29 22:48:30.815 INFO  [main] c.e.a.service.VendorHealthService : Vendor 1 circuit closed — fetch succeeded after 3 consecutive failures
2026-07-29 22:48:30.816 WARN  [main] c.e.a.service.VendorHealthService : Vendor 1 fetch failure 1/3 (1 total) — will retry
2026-07-29 22:48:30.816 WARN  [main] c.e.a.service.VendorHealthService : Vendor 1 fetch failure 2/3 (2 total) — will retry
2026-07-29 22:48:30.816 WARN  [main] c.e.a.service.VendorHealthService : Vendor 1 circuit OPEN — 3 consecutive fetch failures, pausing for 1 min
2026-07-29 22:48:30.816 INFO  [main] c.e.a.service.VendorHealthService : Vendor 1 health state reset
2026-07-29 22:48:30.820 WARN  [main] c.e.a.service.VendorHealthService : Vendor 1 fetch failure 1/3 (1 total) — will retry
2026-07-29 22:48:30.820 WARN  [main] c.e.a.service.VendorHealthService : Vendor 1 fetch failure 2/3 (2 total) — will retry
2026-07-29 22:48:30.820 WARN  [main] c.e.a.service.VendorHealthService : Vendor 1 circuit OPEN — 3 consecutive fetch failures, pausing for 1 min
2026-07-29 22:48:30.822 WARN  [main] c.e.a.service.VendorHealthService : Vendor 1 fetch failure 1/3 (1 total) — will retry
2026-07-29 22:48:31.036 INFO  [main] c.e.a.service.DashboardService : Dashboard built: 5 vendors (3 active), 0 active breaking changes across 0 vendors
2026-07-29 22:48:31.046 INFO  [main] c.e.a.service.DashboardService : Dashboard built: 5 vendors (3 active), 1 active breaking changes across 1 vendors
2026-07-29 22:48:31.049 INFO  [main] c.e.a.service.DashboardService : Dashboard built: 5 vendors (3 active), 3 active breaking changes across 2 vendors
2026-07-29 22:48:31.053 INFO  [main] c.e.a.service.DashboardService : Dashboard built: 5 vendors (3 active), 0 active breaking changes across 0 vendors
2026-07-29 22:48:31.056 INFO  [main] c.e.a.service.DashboardService : Dashboard built: 5 vendors (3 active), 0 active breaking changes across 0 vendors
2026-07-29 22:48:31.065 INFO  [main] c.e.a.service.EncryptionService : Encryption service initialized with AES-256-GCM
2026-07-29 22:48:31.066 INFO  [main] c.e.a.service.EncryptionService : Encryption service initialized with AES-256-GCM
2026-07-29 22:48:31.066 INFO  [main] c.e.a.service.EncryptionService : Encryption service initialized with AES-256-GCM
2026-07-29 22:48:31.073 INFO  [main] c.e.a.service.EncryptionService : Encryption service initialized with AES-256-GCM
2026-07-29 22:48:31.075 INFO  [main] c.e.a.service.EncryptionService : Encryption service initialized with AES-256-GCM
2026-07-29 22:48:31.078 INFO  [main] c.e.a.service.EncryptionService : Encryption service initialized with AES-256-GCM
2026-07-29 22:48:31.080 INFO  [main] c.e.a.service.EncryptionService : Encryption service initialized with AES-256-GCM
2026-07-29 22:48:31.081 INFO  [main] c.e.a.service.EncryptionService : Encryption service initialized with AES-256-GCM
2026-07-29 22:48:31.082 ERROR [main] c.e.a.service.EncryptionService : Decryption failed: Illegal base64 character 2d
2026-07-29 22:48:31.086 INFO  [main] c.e.a.service.EncryptionService : Encryption service initialized with AES-256-GCM
2026-07-29 22:48:31.087 INFO  [main] c.e.a.service.EncryptionService : Encryption service initialized with AES-256-GCM
2026-07-29 22:48:31.088 INFO  [main] c.e.a.service.EncryptionService : Encryption service initialized with AES-256-GCM
2026-07-29 22:48:31.089 ERROR [main] c.e.a.service.EncryptionService : Decryption failed: Tag mismatch
2026-07-29 22:48:31.111 DEBUG [main] c.e.a.engine.FingerprintService : Fingerprint 13d64596c0d56951de024b495b7b912546c6d214260bafcefb98c00b8063c77e already active, suppressing duplicate alert
2026-07-29 22:48:31.112 INFO  [main] c.e.a.engine.FingerprintService : Fingerprint abc123 auto-resolved (no longer detected)
2026-07-29 22:48:31.112 INFO  [main] c.e.a.engine.FingerprintService : Dedup complete: 1 total changes, 0 alertable
2026-07-29 22:48:31.115 INFO  [main] c.e.a.engine.FingerprintService : Fingerprint 13d64596c0d56951de024b495b7b912546c6d214260bafcefb98c00b8063c77e RESOLVED → re-activated, alerting
2026-07-29 22:48:31.116 INFO  [main] c.e.a.engine.FingerprintService : Dedup complete: 1 total changes, 1 alertable
2026-07-29 22:48:31.118 INFO  [main] c.e.a.engine.FingerprintService : New fingerprint 13d64596c0d56951de024b495b7b912546c6d214260bafcefb98c00b8063c77e created, alerting
2026-07-29 22:48:31.118 INFO  [main] c.e.a.engine.FingerprintService : Dedup complete: 1 total changes, 1 alertable
2026-07-29 22:48:31.123 INFO  [main] c.e.a.engine.FingerprintService : Dedup complete: 0 total changes, 0 alertable
2026-07-29 22:48:31.131 INFO  [main] c.e.a.engine.FingerprintService : New fingerprint b63b7d124cde498536c7539883efdac759e51660608d64c8cc434b3e8e4a0008 created, alerting
2026-07-29 22:48:31.131 INFO  [main] c.e.a.engine.FingerprintService : Fingerprint old-hash auto-resolved (no longer detected)
2026-07-29 22:48:31.131 INFO  [main] c.e.a.engine.FingerprintService : Dedup complete: 1 total changes, 1 alertable
2026-07-29 22:48:31.170 INFO  [main] c.e.a.e.DirectionalCompatibilityEvaluator : Compatibility evaluation complete: 0 total changes, 0 breaking
2026-07-29 22:48:31.173 INFO  [main] c.e.a.e.DirectionalCompatibilityEvaluator : Compatibility evaluation complete: 1 total changes, 1 breaking
2026-07-29 22:48:31.179 INFO  [main] c.e.a.e.DirectionalCompatibilityEvaluator : Compatibility evaluation complete: 1 total changes, 1 breaking
2026-07-29 22:48:31.181 INFO  [main] c.e.a.e.DirectionalCompatibilityEvaluator : Compatibility evaluation complete: 1 total changes, 0 breaking
2026-07-29 22:48:31.183 INFO  [main] c.e.a.e.DirectionalCompatibilityEvaluator : Compatibility evaluation complete: 4 total changes, 2 breaking
2026-07-29 22:48:31.185 INFO  [main] c.e.a.e.DirectionalCompatibilityEvaluator : Compatibility evaluation complete: 0 total changes, 0 breaking
2026-07-29 22:48:31.186 INFO  [main] c.e.a.e.DirectionalCompatibilityEvaluator : Compatibility evaluation complete: 2 total changes, 1 breaking
2026-07-29 22:48:31.187 INFO  [main] c.e.a.e.DirectionalCompatibilityEvaluator : Compatibility evaluation complete: 1 total changes, 0 breaking
2026-07-29 22:48:31.192 INFO  [main] c.e.a.e.DirectionalCompatibilityEvaluator : Compatibility evaluation complete: 1 total changes, 1 breaking
2026-07-29 22:48:31.356 DEBUG [main] c.e.a.e.telemetry.TelemetryRegistry : Registered: vendor=1, endpoint=/v1/test, field=null → test-svc
2026-07-29 22:48:31.358 DEBUG [main] c.e.a.e.telemetry.TelemetryRegistry : Dependency already exists: vendor=1, endpoint=/v1/charges, service=payment-service — skipping
2026-07-29 22:48:31.361 DEBUG [main] c.e.a.e.telemetry.TelemetryRegistry : Registered: vendor=1, endpoint=/v1/charges, field=/requestBody/properties/amount → payment-service
2026-07-29 22:48:31.366 DEBUG [main] c.e.a.e.telemetry.TelemetryRegistry : Telemetry hit: vendor=1, endpoint=/v1/charges, field=/requestBody/properties/amount → [order-service, payment-service]
2026-07-29 22:48:31.374 INFO  [main] c.e.a.e.t.UsageCorrelationService : Change on /v1/charges//parameters/page consumed by [payment-service] — severity escalated to CRITICAL
2026-07-29 22:48:31.377 INFO  [main] c.e.a.e.t.UsageCorrelationService : Change on /v1/charges//parameters/id consumed by [payment-service] — severity escalated to CRITICAL
2026-07-29 22:48:31.382 INFO  [main] c.e.a.e.t.UsageCorrelationService : Change on /v1/charges//parameters/id consumed by [user-service, payment-service, order-service] — severity escalated to CRITICAL
2026-07-29 22:48:31.384 INFO  [main] c.e.a.e.t.UsageCorrelationService : Change on /v1/charges//parameters/id not consumed — severity downgraded to LOW
2026-07-29 22:48:31.443 DEBUG [main] c.e.a.engine.EgressFetchService : SSRF validation passed for example.com -> 172.66.147.243
2026-07-29 22:49:30.054 INFO  [main] c.e.a.ApiDriftApplicationTests : Starting ApiDriftApplicationTests using Java 21.0.2 with PID 96642 (started by nishant in /Users/nishant/CODE/api-drift-engine)
2026-07-29 22:49:30.055 DEBUG [main] c.e.a.ApiDriftApplicationTests : Running with Spring Boot v3.3.0, Spring v6.1.8
2026-07-29 22:49:30.055 INFO  [main] c.e.a.ApiDriftApplicationTests : The following 1 profile is active: "test"
2026-07-29 22:49:32.296 WARN  [main] org.hibernate.orm.deprecation : HHH90000025: H2Dialect does not need to be specified explicitly using 'hibernate.dialect' (remove the property setting and it will be selected by default)
2026-07-29 22:49:34.715 DEBUG [main] c.e.a.e.telemetry.TelemetryRegistry : Mock data seeding is disabled (telemetry.seed-mock-data=false)
2026-07-29 22:49:34.818 ERROR [main] i.n.r.d.DnsServerAddressStreamProviders : Unable to load io.netty.resolver.dns.macos.MacOSDnsServerAddressStreamProvider, fallback to system defaults. This may result in incorrect DNS resolutions on MacOS. Check whether you have a dependency on 'io.netty:netty-resolver-dns-native-macos'. Use DEBUG level to see the full stack: java.lang.UnsatisfiedLinkError: failed to load the required native library
2026-07-29 22:49:34.992 INFO  [main] c.e.a.service.EncryptionService : Encryption service initialized with AES-256-GCM
2026-07-29 22:49:35.127 WARN  [main] o.s.b.a.o.j.JpaBaseConfiguration$JpaWebConfiguration : spring.jpa.open-in-view is enabled by default. Therefore, database queries may be performed during view rendering. Explicitly configure spring.jpa.open-in-view to disable this warning
2026-07-29 22:49:36.145 INFO  [main] c.e.a.ApiDriftApplicationTests : Started ApiDriftApplicationTests in 6.469 seconds (process running for 7.517)
2026-07-29 22:49:37.054 INFO  [main] c.e.a.controller.TelemetryController : POST /api/v1/telemetry/register — service=payment-svc, vendor=1, endpoint=POST /api/pay
2026-07-29 22:49:37.060 INFO  [main] c.e.a.controller.TelemetryController : Service dependency registered: id=1, service=payment-svc → vendor=Stripe
2026-07-29 22:49:37.265 INFO  [main] c.e.a.controller.TelemetryController : POST /api/v1/telemetry/register — service=payment-svc, vendor=1, endpoint=POST /api/pay
2026-07-29 22:49:37.266 DEBUG [main] c.e.a.controller.TelemetryController : Dependency already registered: service=payment-svc, vendor=1, endpoint=/api/pay
2026-07-29 22:49:37.283 INFO  [main] c.e.a.controller.TelemetryController : DELETE /api/v1/telemetry/dependencies/1
2026-07-29 22:49:37.283 INFO  [main] c.e.a.controller.TelemetryController : Dependency id=1 deleted
2026-07-29 22:49:37.297 INFO  [main] c.e.a.controller.TelemetryController : GET /api/v1/telemetry/services/1
2026-07-29 22:49:37.317 INFO  [main] c.e.a.controller.TelemetryController : GET /api/v1/telemetry/dependencies — vendorId=null, serviceName=null
2026-07-29 22:49:37.325 INFO  [main] c.e.a.controller.TelemetryController : DELETE /api/v1/telemetry/dependencies/99
2026-07-29 22:49:37.325 WARN  [main] c.e.a.controller.TelemetryController : Dependency id=99 not found for delete
2026-07-29 22:49:37.329 INFO  [main] c.e.a.controller.TelemetryController : GET /api/v1/telemetry/dependencies — vendorId=1, serviceName=null
2026-07-29 22:49:37.333 INFO  [main] c.e.a.controller.TelemetryController : GET /api/v1/telemetry/dependencies — vendorId=1, serviceName=svc
2026-07-29 22:49:37.336 INFO  [main] c.e.a.controller.TelemetryController : GET /api/v1/telemetry/dependencies — vendorId=null, serviceName=payment-svc
2026-07-29 22:49:37.339 INFO  [main] c.e.a.controller.TelemetryController : POST /api/v1/telemetry/register — service=test-svc, vendor=99, endpoint=null null
2026-07-29 22:49:37.340 WARN  [main] c.e.a.controller.TelemetryController : Registration failed: vendor id=99 not found
2026-07-29 22:49:37.565 INFO  [main] c.e.a.controller.DiffController : GET /api/v1/diffs/history/1
2026-07-29 22:49:37.569 INFO  [main] c.e.a.controller.DiffController : GET /api/v1/diffs/history/99
2026-07-29 22:49:37.577 INFO  [main] c.e.a.controller.DiffController : POST /api/v1/diffs/trigger/1 — manual diff triggered
2026-07-29 22:49:37.577 INFO  [main] c.e.a.controller.DiffController : Manual diff triggered for vendor: Stripe
2026-07-29 22:49:37.584 INFO  [main] c.e.a.controller.DiffController : GET /api/v1/diffs/active/99
2026-07-29 22:49:37.588 INFO  [main] c.e.a.controller.DiffController : POST /api/v1/diffs/resolve/99 — manual resolution
2026-07-29 22:49:37.588 WARN  [main] c.e.a.controller.DiffController : Resolution failed: fingerprint id=99 not found
2026-07-29 22:49:37.591 INFO  [main] c.e.a.controller.DiffController : POST /api/v1/diffs/trigger/99 — manual diff triggered
2026-07-29 22:49:37.591 WARN  [main] c.e.a.controller.DiffController : Trigger failed: vendor id=99 not found
2026-07-29 22:49:37.594 INFO  [main] c.e.a.controller.DiffController : POST /api/v1/diffs/resolve/1 — manual resolution
2026-07-29 22:49:37.594 INFO  [main] c.e.a.controller.DiffController : Fingerprint abc resolved by unknown — no notes
2026-07-29 22:49:37.597 INFO  [main] c.e.a.controller.DiffController : GET /api/v1/diffs/active/1
2026-07-29 22:49:37.698 INFO  [main] c.e.a.controller.VendorController : PUT /api/v1/vendors/99 — updating to 'X'
2026-07-29 22:49:37.701 INFO  [main] c.e.a.controller.VendorController : GET /api/v1/vendors/99
2026-07-29 22:49:37.707 INFO  [main] c.e.a.controller.VendorController : POST /api/v1/vendors — creating vendor 'Stripe'
2026-07-29 22:49:37.707 INFO  [main] c.e.a.controller.VendorController : Vendor 'Stripe' created with id=1
2026-07-29 22:49:37.713 INFO  [main] c.e.a.controller.VendorController : POST /api/v1/vendors/1/health/reset
2026-07-29 22:49:37.731 INFO  [main] c.e.a.controller.VendorController : PUT /api/v1/vendors/1 — updating to 'New'
2026-07-29 22:49:37.732 INFO  [main] c.e.a.controller.VendorController : Vendor id=1 updated
2026-07-29 22:49:37.734 INFO  [main] c.e.a.controller.VendorController : GET /api/v1/vendors/99/health
2026-07-29 22:49:37.737 INFO  [main] c.e.a.controller.VendorController : DELETE /api/v1/vendors/1
2026-07-29 22:49:37.737 INFO  [main] c.e.a.controller.VendorController : Vendor id=1 deleted
2026-07-29 22:49:37.740 INFO  [main] c.e.a.controller.VendorController : DELETE /api/v1/vendors/99
2026-07-29 22:49:37.741 WARN  [main] c.e.a.controller.VendorController : Vendor id=99 not found for delete
2026-07-29 22:49:37.744 INFO  [main] c.e.a.controller.VendorController : POST /api/v1/vendors — creating vendor 'Stripe'
2026-07-29 22:49:37.744 WARN  [main] c.e.a.controller.VendorController : Vendor 'Stripe' already exists — conflict
2026-07-29 22:49:37.746 INFO  [main] c.e.a.controller.VendorController : GET /api/v1/vendors/1
2026-07-29 22:49:37.749 INFO  [main] c.e.a.controller.VendorController : GET /api/v1/vendors — listing all vendors
2026-07-29 22:49:37.752 INFO  [main] c.e.a.controller.VendorController : GET /api/v1/vendors/1/health
2026-07-29 22:49:37.774 WARN  [main] c.e.a.service.VendorHealthService : Vendor 1 fetch failure 1/3 (1 total) — will retry
2026-07-29 22:49:37.775 INFO  [main] c.e.a.service.VendorHealthService : Vendor 1 circuit closed — fetch succeeded after 1 consecutive failures
2026-07-29 22:49:37.775 WARN  [main] c.e.a.service.VendorHealthService : Vendor 1 fetch failure 1/3 (1 total) — will retry
2026-07-29 22:49:37.777 WARN  [main] c.e.a.service.VendorHealthService : Vendor 1 fetch failure 1/3 (1 total) — will retry
2026-07-29 22:49:37.777 WARN  [main] c.e.a.service.VendorHealthService : Vendor 1 fetch failure 2/3 (2 total) — will retry
2026-07-29 22:49:37.778 WARN  [main] c.e.a.service.VendorHealthService : Vendor 1 fetch failure 1/3 (1 total) — will retry
2026-07-29 22:49:37.778 WARN  [main] c.e.a.service.VendorHealthService : Vendor 1 fetch failure 2/3 (2 total) — will retry
2026-07-29 22:49:37.779 INFO  [main] c.e.a.service.VendorHealthService : Vendor 1 circuit closed — fetch succeeded after 2 consecutive failures
2026-07-29 22:49:37.780 WARN  [main] c.e.a.service.VendorHealthService : Vendor 1 fetch failure 1/3 (1 total) — will retry
2026-07-29 22:49:37.781 WARN  [main] c.e.a.service.VendorHealthService : Vendor 1 fetch failure 1/3 (1 total) — will retry
2026-07-29 22:49:37.781 WARN  [main] c.e.a.service.VendorHealthService : Vendor 1 fetch failure 2/3 (2 total) — will retry
2026-07-29 22:49:37.781 WARN  [main] c.e.a.service.VendorHealthService : Vendor 1 circuit OPEN — 3 consecutive fetch failures, pausing for 1 min
2026-07-29 22:49:37.781 WARN  [main] c.e.a.service.VendorHealthService : Vendor 2 fetch failure 1/3 (1 total) — will retry
2026-07-29 22:49:37.782 WARN  [main] c.e.a.service.VendorHealthService : Vendor 1 fetch failure 1/3 (1 total) — will retry
2026-07-29 22:49:37.783 WARN  [main] c.e.a.service.VendorHealthService : Vendor 1 fetch failure 2/3 (2 total) — will retry
2026-07-29 22:49:37.783 WARN  [main] c.e.a.service.VendorHealthService : Vendor 1 circuit OPEN — 3 consecutive fetch failures, pausing for 30 min
2026-07-29 22:49:37.785 WARN  [main] c.e.a.service.VendorHealthService : Vendor 1 fetch failure 1/3 (1 total) — will retry
2026-07-29 22:49:37.785 WARN  [main] c.e.a.service.VendorHealthService : Vendor 1 fetch failure 2/3 (2 total) — will retry
2026-07-29 22:49:37.786 WARN  [main] c.e.a.service.VendorHealthService : Vendor 1 circuit OPEN — 3 consecutive fetch failures, pausing for 1 min
2026-07-29 22:49:37.786 INFO  [main] c.e.a.service.VendorHealthService : Vendor 1 circuit closed — fetch succeeded after 3 consecutive failures
2026-07-29 22:49:37.787 WARN  [main] c.e.a.service.VendorHealthService : Vendor 1 fetch failure 1/3 (1 total) — will retry
2026-07-29 22:49:37.787 WARN  [main] c.e.a.service.VendorHealthService : Vendor 1 fetch failure 2/3 (2 total) — will retry
2026-07-29 22:49:37.787 WARN  [main] c.e.a.service.VendorHealthService : Vendor 1 circuit OPEN — 3 consecutive fetch failures, pausing for 1 min
2026-07-29 22:49:37.787 INFO  [main] c.e.a.service.VendorHealthService : Vendor 1 health state reset
2026-07-29 22:49:37.790 WARN  [main] c.e.a.service.VendorHealthService : Vendor 1 fetch failure 1/3 (1 total) — will retry
2026-07-29 22:49:37.790 WARN  [main] c.e.a.service.VendorHealthService : Vendor 1 fetch failure 2/3 (2 total) — will retry
2026-07-29 22:49:37.791 WARN  [main] c.e.a.service.VendorHealthService : Vendor 1 circuit OPEN — 3 consecutive fetch failures, pausing for 1 min
2026-07-29 22:49:37.792 WARN  [main] c.e.a.service.VendorHealthService : Vendor 1 fetch failure 1/3 (1 total) — will retry
2026-07-29 22:49:37.808 INFO  [main] c.e.a.service.DashboardService : Dashboard built: 5 vendors (3 active), 0 active breaking changes across 0 vendors
2026-07-29 22:49:37.816 INFO  [main] c.e.a.service.DashboardService : Dashboard built: 5 vendors (3 active), 1 active breaking changes across 1 vendors
2026-07-29 22:49:37.821 INFO  [main] c.e.a.service.DashboardService : Dashboard built: 5 vendors (3 active), 3 active breaking changes across 2 vendors
2026-07-29 22:49:37.824 INFO  [main] c.e.a.service.DashboardService : Dashboard built: 5 vendors (3 active), 0 active breaking changes across 0 vendors
2026-07-29 22:49:37.827 INFO  [main] c.e.a.service.DashboardService : Dashboard built: 5 vendors (3 active), 0 active breaking changes across 0 vendors
2026-07-29 22:49:37.841 INFO  [main] c.e.a.service.EncryptionService : Encryption service initialized with AES-256-GCM
2026-07-29 22:49:37.844 INFO  [main] c.e.a.service.EncryptionService : Encryption service initialized with AES-256-GCM
2026-07-29 22:49:37.846 INFO  [main] c.e.a.service.EncryptionService : Encryption service initialized with AES-256-GCM
2026-07-29 22:49:37.856 INFO  [main] c.e.a.service.EncryptionService : Encryption service initialized with AES-256-GCM
2026-07-29 22:49:37.858 INFO  [main] c.e.a.service.EncryptionService : Encryption service initialized with AES-256-GCM
2026-07-29 22:49:37.861 INFO  [main] c.e.a.service.EncryptionService : Encryption service initialized with AES-256-GCM
2026-07-29 22:49:37.863 INFO  [main] c.e.a.service.EncryptionService : Encryption service initialized with AES-256-GCM
2026-07-29 22:49:37.864 INFO  [main] c.e.a.service.EncryptionService : Encryption service initialized with AES-256-GCM
2026-07-29 22:49:37.865 ERROR [main] c.e.a.service.EncryptionService : Decryption failed: Illegal base64 character 2d
2026-07-29 22:49:37.869 INFO  [main] c.e.a.service.EncryptionService : Encryption service initialized with AES-256-GCM
2026-07-29 22:49:37.871 INFO  [main] c.e.a.service.EncryptionService : Encryption service initialized with AES-256-GCM
2026-07-29 22:49:37.873 INFO  [main] c.e.a.service.EncryptionService : Encryption service initialized with AES-256-GCM
2026-07-29 22:49:37.874 ERROR [main] c.e.a.service.EncryptionService : Decryption failed: Tag mismatch
2026-07-29 22:49:37.900 DEBUG [main] c.e.a.engine.FingerprintService : Fingerprint 13d64596c0d56951de024b495b7b912546c6d214260bafcefb98c00b8063c77e already active, suppressing duplicate alert
2026-07-29 22:49:37.901 INFO  [main] c.e.a.engine.FingerprintService : Fingerprint abc123 auto-resolved (no longer detected)
2026-07-29 22:49:37.901 INFO  [main] c.e.a.engine.FingerprintService : Dedup complete: 1 total changes, 0 alertable
2026-07-29 22:49:37.904 INFO  [main] c.e.a.engine.FingerprintService : Fingerprint 13d64596c0d56951de024b495b7b912546c6d214260bafcefb98c00b8063c77e RESOLVED → re-activated, alerting
2026-07-29 22:49:37.905 INFO  [main] c.e.a.engine.FingerprintService : Dedup complete: 1 total changes, 1 alertable
2026-07-29 22:49:37.909 INFO  [main] c.e.a.engine.FingerprintService : New fingerprint 13d64596c0d56951de024b495b7b912546c6d214260bafcefb98c00b8063c77e created, alerting
2026-07-29 22:49:37.909 INFO  [main] c.e.a.engine.FingerprintService : Dedup complete: 1 total changes, 1 alertable
2026-07-29 22:49:37.914 INFO  [main] c.e.a.engine.FingerprintService : Dedup complete: 0 total changes, 0 alertable
2026-07-29 22:49:37.919 INFO  [main] c.e.a.engine.FingerprintService : New fingerprint b63b7d124cde498536c7539883efdac759e51660608d64c8cc434b3e8e4a0008 created, alerting
2026-07-29 22:49:37.920 INFO  [main] c.e.a.engine.FingerprintService : Fingerprint old-hash auto-resolved (no longer detected)
2026-07-29 22:49:37.920 INFO  [main] c.e.a.engine.FingerprintService : Dedup complete: 1 total changes, 1 alertable
2026-07-29 22:49:37.957 INFO  [main] c.e.a.e.DirectionalCompatibilityEvaluator : Compatibility evaluation complete: 0 total changes, 0 breaking
2026-07-29 22:49:37.960 INFO  [main] c.e.a.e.DirectionalCompatibilityEvaluator : Compatibility evaluation complete: 1 total changes, 1 breaking
2026-07-29 22:49:37.964 INFO  [main] c.e.a.e.DirectionalCompatibilityEvaluator : Compatibility evaluation complete: 1 total changes, 1 breaking
2026-07-29 22:49:37.966 INFO  [main] c.e.a.e.DirectionalCompatibilityEvaluator : Compatibility evaluation complete: 1 total changes, 0 breaking
2026-07-29 22:49:37.967 INFO  [main] c.e.a.e.DirectionalCompatibilityEvaluator : Compatibility evaluation complete: 4 total changes, 2 breaking
2026-07-29 22:49:37.969 INFO  [main] c.e.a.e.DirectionalCompatibilityEvaluator : Compatibility evaluation complete: 0 total changes, 0 breaking
2026-07-29 22:49:37.971 INFO  [main] c.e.a.e.DirectionalCompatibilityEvaluator : Compatibility evaluation complete: 2 total changes, 1 breaking
2026-07-29 22:49:37.972 INFO  [main] c.e.a.e.DirectionalCompatibilityEvaluator : Compatibility evaluation complete: 1 total changes, 0 breaking
2026-07-29 22:49:37.975 INFO  [main] c.e.a.e.DirectionalCompatibilityEvaluator : Compatibility evaluation complete: 1 total changes, 1 breaking
2026-07-29 22:49:38.079 DEBUG [main] c.e.a.e.telemetry.TelemetryRegistry : Registered: vendor=1, endpoint=/v1/test, field=null → test-svc
2026-07-29 22:49:38.081 DEBUG [main] c.e.a.e.telemetry.TelemetryRegistry : Dependency already exists: vendor=1, endpoint=/v1/charges, service=payment-service — skipping
2026-07-29 22:49:38.084 DEBUG [main] c.e.a.e.telemetry.TelemetryRegistry : Registered: vendor=1, endpoint=/v1/charges, field=/requestBody/properties/amount → payment-service
2026-07-29 22:49:38.088 DEBUG [main] c.e.a.e.telemetry.TelemetryRegistry : Telemetry hit: vendor=1, endpoint=/v1/charges, field=/requestBody/properties/amount → [order-service, payment-service]
2026-07-29 22:49:38.102 INFO  [main] c.e.a.e.t.UsageCorrelationService : Change on /v1/charges//parameters/page consumed by [payment-service] — severity escalated to CRITICAL
2026-07-29 22:49:38.105 INFO  [main] c.e.a.e.t.UsageCorrelationService : Change on /v1/charges//parameters/id consumed by [payment-service] — severity escalated to CRITICAL
2026-07-29 22:49:38.113 INFO  [main] c.e.a.e.t.UsageCorrelationService : Change on /v1/charges//parameters/id consumed by [user-service, payment-service, order-service] — severity escalated to CRITICAL
2026-07-29 22:49:38.116 INFO  [main] c.e.a.e.t.UsageCorrelationService : Change on /v1/charges//parameters/id not consumed — severity downgraded to LOW
2026-07-29 22:49:38.131 DEBUG [main] c.e.a.engine.EgressFetchService : SSRF validation passed for example.com -> 172.66.147.243
2026-07-29 22:50:04.759 INFO  [main] c.e.a.ApiDriftApplicationTests : Starting ApiDriftApplicationTests using Java 21.0.2 with PID 96857 (started by nishant in /Users/nishant/CODE/api-drift-engine)
2026-07-29 22:50:04.760 DEBUG [main] c.e.a.ApiDriftApplicationTests : Running with Spring Boot v3.3.0, Spring v6.1.8
2026-07-29 22:50:04.761 INFO  [main] c.e.a.ApiDriftApplicationTests : The following 1 profile is active: "test"
2026-07-29 22:50:07.018 WARN  [main] org.hibernate.orm.deprecation : HHH90000025: H2Dialect does not need to be specified explicitly using 'hibernate.dialect' (remove the property setting and it will be selected by default)
2026-07-29 22:50:09.129 DEBUG [main] c.e.a.e.telemetry.TelemetryRegistry : Mock data seeding is disabled (telemetry.seed-mock-data=false)
2026-07-29 22:50:09.222 ERROR [main] i.n.r.d.DnsServerAddressStreamProviders : Unable to load io.netty.resolver.dns.macos.MacOSDnsServerAddressStreamProvider, fallback to system defaults. This may result in incorrect DNS resolutions on MacOS. Check whether you have a dependency on 'io.netty:netty-resolver-dns-native-macos'. Use DEBUG level to see the full stack: java.lang.UnsatisfiedLinkError: failed to load the required native library
2026-07-29 22:50:09.375 INFO  [main] c.e.a.service.EncryptionService : Encryption service initialized with AES-256-GCM
2026-07-29 22:50:09.499 WARN  [main] o.s.b.a.o.j.JpaBaseConfiguration$JpaWebConfiguration : spring.jpa.open-in-view is enabled by default. Therefore, database queries may be performed during view rendering. Explicitly configure spring.jpa.open-in-view to disable this warning
2026-07-29 22:50:10.512 INFO  [main] c.e.a.ApiDriftApplicationTests : Started ApiDriftApplicationTests in 6.153 seconds (process running for 7.227)
2026-07-29 22:50:11.363 INFO  [main] c.e.a.controller.TelemetryController : POST /api/v1/telemetry/register — service=payment-svc, vendor=1, endpoint=POST /api/pay
2026-07-29 22:50:11.367 INFO  [main] c.e.a.controller.TelemetryController : Service dependency registered: id=1, service=payment-svc → vendor=Stripe
2026-07-29 22:50:11.503 INFO  [main] c.e.a.controller.TelemetryController : POST /api/v1/telemetry/register — service=payment-svc, vendor=1, endpoint=POST /api/pay
2026-07-29 22:50:11.504 DEBUG [main] c.e.a.controller.TelemetryController : Dependency already registered: service=payment-svc, vendor=1, endpoint=/api/pay
2026-07-29 22:50:11.509 INFO  [main] c.e.a.controller.TelemetryController : DELETE /api/v1/telemetry/dependencies/1
2026-07-29 22:50:11.509 INFO  [main] c.e.a.controller.TelemetryController : Dependency id=1 deleted
2026-07-29 22:50:11.521 INFO  [main] c.e.a.controller.TelemetryController : GET /api/v1/telemetry/services/1
2026-07-29 22:50:11.535 INFO  [main] c.e.a.controller.TelemetryController : GET /api/v1/telemetry/dependencies — vendorId=null, serviceName=null
2026-07-29 22:50:11.543 INFO  [main] c.e.a.controller.TelemetryController : DELETE /api/v1/telemetry/dependencies/99
2026-07-29 22:50:11.543 WARN  [main] c.e.a.controller.TelemetryController : Dependency id=99 not found for delete
2026-07-29 22:50:11.545 INFO  [main] c.e.a.controller.TelemetryController : GET /api/v1/telemetry/dependencies — vendorId=1, serviceName=null
2026-07-29 22:50:11.548 INFO  [main] c.e.a.controller.TelemetryController : GET /api/v1/telemetry/dependencies — vendorId=1, serviceName=svc
2026-07-29 22:50:11.551 INFO  [main] c.e.a.controller.TelemetryController : GET /api/v1/telemetry/dependencies — vendorId=null, serviceName=payment-svc
2026-07-29 22:50:11.554 INFO  [main] c.e.a.controller.TelemetryController : POST /api/v1/telemetry/register — service=test-svc, vendor=99, endpoint=null null
2026-07-29 22:50:11.554 WARN  [main] c.e.a.controller.TelemetryController : Registration failed: vendor id=99 not found
2026-07-29 22:50:11.743 INFO  [main] c.e.a.controller.DiffController : GET /api/v1/diffs/history/1
2026-07-29 22:50:11.747 INFO  [main] c.e.a.controller.DiffController : GET /api/v1/diffs/history/99
2026-07-29 22:50:11.753 INFO  [main] c.e.a.controller.DiffController : POST /api/v1/diffs/trigger/1 — manual diff triggered
2026-07-29 22:50:11.754 INFO  [main] c.e.a.controller.DiffController : Manual diff triggered for vendor: Stripe
2026-07-29 22:50:11.758 INFO  [main] c.e.a.controller.DiffController : GET /api/v1/diffs/active/99
2026-07-29 22:50:11.761 INFO  [main] c.e.a.controller.DiffController : POST /api/v1/diffs/resolve/99 — manual resolution
2026-07-29 22:50:11.761 WARN  [main] c.e.a.controller.DiffController : Resolution failed: fingerprint id=99 not found
2026-07-29 22:50:11.764 INFO  [main] c.e.a.controller.DiffController : POST /api/v1/diffs/trigger/99 — manual diff triggered
2026-07-29 22:50:11.764 WARN  [main] c.e.a.controller.DiffController : Trigger failed: vendor id=99 not found
2026-07-29 22:50:11.766 INFO  [main] c.e.a.controller.DiffController : POST /api/v1/diffs/resolve/1 — manual resolution
2026-07-29 22:50:11.767 INFO  [main] c.e.a.controller.DiffController : Fingerprint abc resolved by unknown — no notes
2026-07-29 22:50:11.770 INFO  [main] c.e.a.controller.DiffController : GET /api/v1/diffs/active/1
2026-07-29 22:50:11.848 INFO  [main] c.e.a.controller.VendorController : PUT /api/v1/vendors/99 — updating to 'X'
2026-07-29 22:50:11.850 INFO  [main] c.e.a.controller.VendorController : GET /api/v1/vendors/99
2026-07-29 22:50:11.855 INFO  [main] c.e.a.controller.VendorController : POST /api/v1/vendors — creating vendor 'Stripe'
2026-07-29 22:50:11.856 INFO  [main] c.e.a.controller.VendorController : Vendor 'Stripe' created with id=1
2026-07-29 22:50:11.860 INFO  [main] c.e.a.controller.VendorController : POST /api/v1/vendors/1/health/reset
2026-07-29 22:50:11.873 INFO  [main] c.e.a.controller.VendorController : PUT /api/v1/vendors/1 — updating to 'New'
2026-07-29 22:50:11.873 INFO  [main] c.e.a.controller.VendorController : Vendor id=1 updated
2026-07-29 22:50:11.875 INFO  [main] c.e.a.controller.VendorController : GET /api/v1/vendors/99/health
2026-07-29 22:50:11.877 INFO  [main] c.e.a.controller.VendorController : DELETE /api/v1/vendors/1
2026-07-29 22:50:11.877 INFO  [main] c.e.a.controller.VendorController : Vendor id=1 deleted
2026-07-29 22:50:11.880 INFO  [main] c.e.a.controller.VendorController : DELETE /api/v1/vendors/99
2026-07-29 22:50:11.880 WARN  [main] c.e.a.controller.VendorController : Vendor id=99 not found for delete
2026-07-29 22:50:11.882 INFO  [main] c.e.a.controller.VendorController : POST /api/v1/vendors — creating vendor 'Stripe'
2026-07-29 22:50:11.882 WARN  [main] c.e.a.controller.VendorController : Vendor 'Stripe' already exists — conflict
2026-07-29 22:50:11.884 INFO  [main] c.e.a.controller.VendorController : GET /api/v1/vendors/1
2026-07-29 22:50:11.886 INFO  [main] c.e.a.controller.VendorController : GET /api/v1/vendors — listing all vendors
2026-07-29 22:50:11.889 INFO  [main] c.e.a.controller.VendorController : GET /api/v1/vendors/1/health
2026-07-29 22:50:11.905 WARN  [main] c.e.a.service.VendorHealthService : Vendor 1 fetch failure 1/3 (1 total) — will retry
2026-07-29 22:50:11.906 INFO  [main] c.e.a.service.VendorHealthService : Vendor 1 circuit closed — fetch succeeded after 1 consecutive failures
2026-07-29 22:50:11.906 WARN  [main] c.e.a.service.VendorHealthService : Vendor 1 fetch failure 1/3 (1 total) — will retry
2026-07-29 22:50:11.909 WARN  [main] c.e.a.service.VendorHealthService : Vendor 1 fetch failure 1/3 (1 total) — will retry
2026-07-29 22:50:11.909 WARN  [main] c.e.a.service.VendorHealthService : Vendor 1 fetch failure 2/3 (2 total) — will retry
2026-07-29 22:50:11.910 WARN  [main] c.e.a.service.VendorHealthService : Vendor 1 fetch failure 1/3 (1 total) — will retry
2026-07-29 22:50:11.911 WARN  [main] c.e.a.service.VendorHealthService : Vendor 1 fetch failure 2/3 (2 total) — will retry
2026-07-29 22:50:11.911 INFO  [main] c.e.a.service.VendorHealthService : Vendor 1 circuit closed — fetch succeeded after 2 consecutive failures
2026-07-29 22:50:11.912 WARN  [main] c.e.a.service.VendorHealthService : Vendor 1 fetch failure 1/3 (1 total) — will retry
2026-07-29 22:50:11.913 WARN  [main] c.e.a.service.VendorHealthService : Vendor 1 fetch failure 1/3 (1 total) — will retry
2026-07-29 22:50:11.913 WARN  [main] c.e.a.service.VendorHealthService : Vendor 1 fetch failure 2/3 (2 total) — will retry
2026-07-29 22:50:11.913 WARN  [main] c.e.a.service.VendorHealthService : Vendor 1 circuit OPEN — 3 consecutive fetch failures, pausing for 1 min
2026-07-29 22:50:11.913 WARN  [main] c.e.a.service.VendorHealthService : Vendor 2 fetch failure 1/3 (1 total) — will retry
2026-07-29 22:50:11.914 WARN  [main] c.e.a.service.VendorHealthService : Vendor 1 fetch failure 1/3 (1 total) — will retry
2026-07-29 22:50:11.914 WARN  [main] c.e.a.service.VendorHealthService : Vendor 1 fetch failure 2/3 (2 total) — will retry
2026-07-29 22:50:11.914 WARN  [main] c.e.a.service.VendorHealthService : Vendor 1 circuit OPEN — 3 consecutive fetch failures, pausing for 30 min
2026-07-29 22:50:11.916 WARN  [main] c.e.a.service.VendorHealthService : Vendor 1 fetch failure 1/3 (1 total) — will retry
2026-07-29 22:50:11.916 WARN  [main] c.e.a.service.VendorHealthService : Vendor 1 fetch failure 2/3 (2 total) — will retry
2026-07-29 22:50:11.916 WARN  [main] c.e.a.service.VendorHealthService : Vendor 1 circuit OPEN — 3 consecutive fetch failures, pausing for 1 min
2026-07-29 22:50:11.917 INFO  [main] c.e.a.service.VendorHealthService : Vendor 1 circuit closed — fetch succeeded after 3 consecutive failures
2026-07-29 22:50:11.917 WARN  [main] c.e.a.service.VendorHealthService : Vendor 1 fetch failure 1/3 (1 total) — will retry
2026-07-29 22:50:11.918 WARN  [main] c.e.a.service.VendorHealthService : Vendor 1 fetch failure 2/3 (2 total) — will retry
2026-07-29 22:50:11.918 WARN  [main] c.e.a.service.VendorHealthService : Vendor 1 circuit OPEN — 3 consecutive fetch failures, pausing for 1 min
2026-07-29 22:50:11.918 INFO  [main] c.e.a.service.VendorHealthService : Vendor 1 health state reset
2026-07-29 22:50:11.920 WARN  [main] c.e.a.service.VendorHealthService : Vendor 1 fetch failure 1/3 (1 total) — will retry
2026-07-29 22:50:11.920 WARN  [main] c.e.a.service.VendorHealthService : Vendor 1 fetch failure 2/3 (2 total) — will retry
2026-07-29 22:50:11.921 WARN  [main] c.e.a.service.VendorHealthService : Vendor 1 circuit OPEN — 3 consecutive fetch failures, pausing for 1 min
2026-07-29 22:50:11.922 WARN  [main] c.e.a.service.VendorHealthService : Vendor 1 fetch failure 1/3 (1 total) — will retry
2026-07-29 22:50:11.932 INFO  [main] c.e.a.service.DashboardService : Dashboard built: 5 vendors (3 active), 0 active breaking changes across 0 vendors
2026-07-29 22:50:11.939 INFO  [main] c.e.a.service.DashboardService : Dashboard built: 5 vendors (3 active), 1 active breaking changes across 1 vendors
2026-07-29 22:50:11.942 INFO  [main] c.e.a.service.DashboardService : Dashboard built: 5 vendors (3 active), 3 active breaking changes across 2 vendors
2026-07-29 22:50:11.946 INFO  [main] c.e.a.service.DashboardService : Dashboard built: 5 vendors (3 active), 0 active breaking changes across 0 vendors
2026-07-29 22:50:11.948 INFO  [main] c.e.a.service.DashboardService : Dashboard built: 5 vendors (3 active), 0 active breaking changes across 0 vendors
2026-07-29 22:50:11.957 INFO  [main] c.e.a.service.EncryptionService : Encryption service initialized with AES-256-GCM
2026-07-29 22:50:11.959 INFO  [main] c.e.a.service.EncryptionService : Encryption service initialized with AES-256-GCM
2026-07-29 22:50:11.960 INFO  [main] c.e.a.service.EncryptionService : Encryption service initialized with AES-256-GCM
2026-07-29 22:50:11.966 INFO  [main] c.e.a.service.EncryptionService : Encryption service initialized with AES-256-GCM
2026-07-29 22:50:11.967 INFO  [main] c.e.a.service.EncryptionService : Encryption service initialized with AES-256-GCM
2026-07-29 22:50:11.970 INFO  [main] c.e.a.service.EncryptionService : Encryption service initialized with AES-256-GCM
2026-07-29 22:50:11.971 INFO  [main] c.e.a.service.EncryptionService : Encryption service initialized with AES-256-GCM
2026-07-29 22:50:11.972 INFO  [main] c.e.a.service.EncryptionService : Encryption service initialized with AES-256-GCM
2026-07-29 22:50:11.973 ERROR [main] c.e.a.service.EncryptionService : Decryption failed: Illegal base64 character 2d
2026-07-29 22:50:11.976 INFO  [main] c.e.a.service.EncryptionService : Encryption service initialized with AES-256-GCM
2026-07-29 22:50:11.977 INFO  [main] c.e.a.service.EncryptionService : Encryption service initialized with AES-256-GCM
2026-07-29 22:50:11.978 INFO  [main] c.e.a.service.EncryptionService : Encryption service initialized with AES-256-GCM
2026-07-29 22:50:11.979 ERROR [main] c.e.a.service.EncryptionService : Decryption failed: Tag mismatch
2026-07-29 22:50:11.993 DEBUG [main] c.e.a.engine.FingerprintService : Fingerprint 13d64596c0d56951de024b495b7b912546c6d214260bafcefb98c00b8063c77e already active, suppressing duplicate alert
2026-07-29 22:50:11.993 INFO  [main] c.e.a.engine.FingerprintService : Fingerprint abc123 auto-resolved (no longer detected)
2026-07-29 22:50:11.993 INFO  [main] c.e.a.engine.FingerprintService : Dedup complete: 1 total changes, 0 alertable
2026-07-29 22:50:11.996 INFO  [main] c.e.a.engine.FingerprintService : Fingerprint 13d64596c0d56951de024b495b7b912546c6d214260bafcefb98c00b8063c77e RESOLVED → re-activated, alerting
2026-07-29 22:50:11.996 INFO  [main] c.e.a.engine.FingerprintService : Dedup complete: 1 total changes, 1 alertable
2026-07-29 22:50:11.999 INFO  [main] c.e.a.engine.FingerprintService : New fingerprint 13d64596c0d56951de024b495b7b912546c6d214260bafcefb98c00b8063c77e created, alerting
2026-07-29 22:50:11.999 INFO  [main] c.e.a.engine.FingerprintService : Dedup complete: 1 total changes, 1 alertable
2026-07-29 22:50:12.003 INFO  [main] c.e.a.engine.FingerprintService : Dedup complete: 0 total changes, 0 alertable
2026-07-29 22:50:12.008 INFO  [main] c.e.a.engine.FingerprintService : New fingerprint b63b7d124cde498536c7539883efdac759e51660608d64c8cc434b3e8e4a0008 created, alerting
2026-07-29 22:50:12.008 INFO  [main] c.e.a.engine.FingerprintService : Fingerprint old-hash auto-resolved (no longer detected)
2026-07-29 22:50:12.008 INFO  [main] c.e.a.engine.FingerprintService : Dedup complete: 1 total changes, 1 alertable
2026-07-29 22:50:12.033 INFO  [main] c.e.a.e.DirectionalCompatibilityEvaluator : Compatibility evaluation complete: 0 total changes, 0 breaking
2026-07-29 22:50:12.036 INFO  [main] c.e.a.e.DirectionalCompatibilityEvaluator : Compatibility evaluation complete: 1 total changes, 1 breaking
2026-07-29 22:50:12.039 INFO  [main] c.e.a.e.DirectionalCompatibilityEvaluator : Compatibility evaluation complete: 1 total changes, 1 breaking
2026-07-29 22:50:12.041 INFO  [main] c.e.a.e.DirectionalCompatibilityEvaluator : Compatibility evaluation complete: 1 total changes, 0 breaking
2026-07-29 22:50:12.043 INFO  [main] c.e.a.e.DirectionalCompatibilityEvaluator : Compatibility evaluation complete: 4 total changes, 2 breaking
2026-07-29 22:50:12.044 INFO  [main] c.e.a.e.DirectionalCompatibilityEvaluator : Compatibility evaluation complete: 0 total changes, 0 breaking
2026-07-29 22:50:12.046 INFO  [main] c.e.a.e.DirectionalCompatibilityEvaluator : Compatibility evaluation complete: 2 total changes, 1 breaking
2026-07-29 22:50:12.048 INFO  [main] c.e.a.e.DirectionalCompatibilityEvaluator : Compatibility evaluation complete: 1 total changes, 0 breaking
2026-07-29 22:50:12.049 INFO  [main] c.e.a.e.DirectionalCompatibilityEvaluator : Compatibility evaluation complete: 1 total changes, 1 breaking
2026-07-29 22:50:12.123 DEBUG [main] c.e.a.e.telemetry.TelemetryRegistry : Registered: vendor=1, endpoint=/v1/test, field=null → test-svc
2026-07-29 22:50:12.126 DEBUG [main] c.e.a.e.telemetry.TelemetryRegistry : Dependency already exists: vendor=1, endpoint=/v1/charges, service=payment-service — skipping
2026-07-29 22:50:12.128 DEBUG [main] c.e.a.e.telemetry.TelemetryRegistry : Registered: vendor=1, endpoint=/v1/charges, field=/requestBody/properties/amount → payment-service
2026-07-29 22:50:12.131 DEBUG [main] c.e.a.e.telemetry.TelemetryRegistry : Telemetry hit: vendor=1, endpoint=/v1/charges, field=/requestBody/properties/amount → [payment-service, order-service]
2026-07-29 22:50:12.139 INFO  [main] c.e.a.e.t.UsageCorrelationService : Change on /v1/charges//parameters/page consumed by [payment-service] — severity escalated to CRITICAL
2026-07-29 22:50:12.141 INFO  [main] c.e.a.e.t.UsageCorrelationService : Change on /v1/charges//parameters/id consumed by [payment-service] — severity escalated to CRITICAL
2026-07-29 22:50:12.146 INFO  [main] c.e.a.e.t.UsageCorrelationService : Change on /v1/charges//parameters/id consumed by [payment-service, user-service, order-service] — severity escalated to CRITICAL
2026-07-29 22:50:12.148 INFO  [main] c.e.a.e.t.UsageCorrelationService : Change on /v1/charges//parameters/id not consumed — severity downgraded to LOW
2026-07-29 22:50:12.158 DEBUG [main] c.e.a.engine.EgressFetchService : SSRF validation passed for example.com -> 172.66.147.243
2026-07-29 22:55:24.086 INFO  [main] c.e.a.ApiDriftApplicationTests : Starting ApiDriftApplicationTests using Java 21.0.2 with PID 97241 (started by nishant in /Users/nishant/CODE/api-drift-engine)
2026-07-29 22:55:24.087 DEBUG [main] c.e.a.ApiDriftApplicationTests : Running with Spring Boot v3.3.0, Spring v6.1.8
2026-07-29 22:55:24.088 INFO  [main] c.e.a.ApiDriftApplicationTests : The following 1 profile is active: "test"
2026-07-29 22:55:26.210 WARN  [main] org.hibernate.orm.deprecation : HHH90000025: H2Dialect does not need to be specified explicitly using 'hibernate.dialect' (remove the property setting and it will be selected by default)
2026-07-29 22:55:28.148 DEBUG [main] c.e.a.e.telemetry.TelemetryRegistry : Mock data seeding is disabled (telemetry.seed-mock-data=false)
2026-07-29 22:55:28.237 ERROR [main] i.n.r.d.DnsServerAddressStreamProviders : Unable to load io.netty.resolver.dns.macos.MacOSDnsServerAddressStreamProvider, fallback to system defaults. This may result in incorrect DNS resolutions on MacOS. Check whether you have a dependency on 'io.netty:netty-resolver-dns-native-macos'. Use DEBUG level to see the full stack: java.lang.UnsatisfiedLinkError: failed to load the required native library
2026-07-29 22:55:28.371 INFO  [main] c.e.a.service.EncryptionService : Encryption service initialized with AES-256-GCM
2026-07-29 22:55:28.498 WARN  [main] o.s.b.a.o.j.JpaBaseConfiguration$JpaWebConfiguration : spring.jpa.open-in-view is enabled by default. Therefore, database queries may be performed during view rendering. Explicitly configure spring.jpa.open-in-view to disable this warning
2026-07-29 22:55:29.361 INFO  [main] c.e.a.ApiDriftApplicationTests : Started ApiDriftApplicationTests in 5.637 seconds (process running for 6.7)
2026-07-29 22:55:30.189 INFO  [main] c.e.a.controller.TelemetryController : POST /api/v1/telemetry/register — service=payment-svc, vendor=1, endpoint=POST /api/pay
2026-07-29 22:55:30.193 INFO  [main] c.e.a.controller.TelemetryController : Service dependency registered: id=1, service=payment-svc → vendor=Stripe
2026-07-29 22:55:30.328 INFO  [main] c.e.a.controller.TelemetryController : POST /api/v1/telemetry/register — service=payment-svc, vendor=1, endpoint=POST /api/pay
2026-07-29 22:55:30.328 DEBUG [main] c.e.a.controller.TelemetryController : Dependency already registered: service=payment-svc, vendor=1, endpoint=/api/pay
2026-07-29 22:55:30.332 INFO  [main] c.e.a.controller.TelemetryController : DELETE /api/v1/telemetry/dependencies/1
2026-07-29 22:55:30.333 INFO  [main] c.e.a.controller.TelemetryController : Dependency id=1 deleted
2026-07-29 22:55:30.344 INFO  [main] c.e.a.controller.TelemetryController : GET /api/v1/telemetry/services/1
2026-07-29 22:55:30.358 INFO  [main] c.e.a.controller.TelemetryController : GET /api/v1/telemetry/dependencies — vendorId=null, serviceName=null
2026-07-29 22:55:30.364 INFO  [main] c.e.a.controller.TelemetryController : DELETE /api/v1/telemetry/dependencies/99
2026-07-29 22:55:30.364 WARN  [main] c.e.a.controller.TelemetryController : Dependency id=99 not found for delete
2026-07-29 22:55:30.367 INFO  [main] c.e.a.controller.TelemetryController : GET /api/v1/telemetry/dependencies — vendorId=1, serviceName=null
2026-07-29 22:55:30.370 INFO  [main] c.e.a.controller.TelemetryController : GET /api/v1/telemetry/dependencies — vendorId=1, serviceName=svc
2026-07-29 22:55:30.373 INFO  [main] c.e.a.controller.TelemetryController : GET /api/v1/telemetry/dependencies — vendorId=null, serviceName=payment-svc
2026-07-29 22:55:30.376 INFO  [main] c.e.a.controller.TelemetryController : POST /api/v1/telemetry/register — service=test-svc, vendor=99, endpoint=null null
2026-07-29 22:55:30.376 WARN  [main] c.e.a.controller.TelemetryController : Registration failed: vendor id=99 not found
2026-07-29 22:55:30.591 INFO  [main] c.e.a.controller.DiffController : GET /api/v1/diffs/history/1
2026-07-29 22:55:30.596 INFO  [main] c.e.a.controller.DiffController : GET /api/v1/diffs/history/99
2026-07-29 22:55:30.603 INFO  [main] c.e.a.controller.DiffController : POST /api/v1/diffs/trigger/1 — manual diff triggered
2026-07-29 22:55:30.603 INFO  [main] c.e.a.controller.DiffController : Manual diff triggered for vendor: Stripe
2026-07-29 22:55:30.609 INFO  [main] c.e.a.controller.DiffController : GET /api/v1/diffs/active/99
2026-07-29 22:55:30.612 INFO  [main] c.e.a.controller.DiffController : POST /api/v1/diffs/resolve/99 — manual resolution
2026-07-29 22:55:30.613 WARN  [main] c.e.a.controller.DiffController : Resolution failed: fingerprint id=99 not found
2026-07-29 22:55:30.615 INFO  [main] c.e.a.controller.DiffController : POST /api/v1/diffs/trigger/99 — manual diff triggered
2026-07-29 22:55:30.616 WARN  [main] c.e.a.controller.DiffController : Trigger failed: vendor id=99 not found
2026-07-29 22:55:30.618 INFO  [main] c.e.a.controller.DiffController : POST /api/v1/diffs/resolve/1 — manual resolution
2026-07-29 22:55:30.619 INFO  [main] c.e.a.controller.DiffController : Fingerprint abc resolved by unknown — no notes
2026-07-29 22:55:30.622 INFO  [main] c.e.a.controller.DiffController : GET /api/v1/diffs/active/1
2026-07-29 22:55:30.699 INFO  [main] c.e.a.controller.VendorController : PUT /api/v1/vendors/99 — updating to 'X'
2026-07-29 22:55:30.701 INFO  [main] c.e.a.controller.VendorController : GET /api/v1/vendors/99
2026-07-29 22:55:30.706 INFO  [main] c.e.a.controller.VendorController : POST /api/v1/vendors — creating vendor 'Stripe'
2026-07-29 22:55:30.706 INFO  [main] c.e.a.controller.VendorController : Vendor 'Stripe' created with id=1
2026-07-29 22:55:30.710 INFO  [main] c.e.a.controller.VendorController : POST /api/v1/vendors/1/health/reset
2026-07-29 22:55:30.723 INFO  [main] c.e.a.controller.VendorController : PUT /api/v1/vendors/1 — updating to 'New'
2026-07-29 22:55:30.723 INFO  [main] c.e.a.controller.VendorController : Vendor id=1 updated
2026-07-29 22:55:30.725 INFO  [main] c.e.a.controller.VendorController : GET /api/v1/vendors/99/health
2026-07-29 22:55:30.727 INFO  [main] c.e.a.controller.VendorController : DELETE /api/v1/vendors/1
2026-07-29 22:55:30.727 INFO  [main] c.e.a.controller.VendorController : Vendor id=1 deleted
2026-07-29 22:55:30.729 INFO  [main] c.e.a.controller.VendorController : DELETE /api/v1/vendors/99
2026-07-29 22:55:30.730 WARN  [main] c.e.a.controller.VendorController : Vendor id=99 not found for delete
2026-07-29 22:55:30.731 INFO  [main] c.e.a.controller.VendorController : POST /api/v1/vendors — creating vendor 'Stripe'
2026-07-29 22:55:30.731 WARN  [main] c.e.a.controller.VendorController : Vendor 'Stripe' already exists — conflict
2026-07-29 22:55:30.733 INFO  [main] c.e.a.controller.VendorController : GET /api/v1/vendors/1
2026-07-29 22:55:30.735 INFO  [main] c.e.a.controller.VendorController : GET /api/v1/vendors — listing all vendors
2026-07-29 22:55:30.738 INFO  [main] c.e.a.controller.VendorController : GET /api/v1/vendors/1/health
2026-07-29 22:55:30.751 WARN  [main] c.e.a.service.VendorHealthService : Vendor 1 fetch failure 1/3 (1 total) — will retry
2026-07-29 22:55:30.751 INFO  [main] c.e.a.service.VendorHealthService : Vendor 1 circuit closed — fetch succeeded after 1 consecutive failures
2026-07-29 22:55:30.752 WARN  [main] c.e.a.service.VendorHealthService : Vendor 1 fetch failure 1/3 (1 total) — will retry
2026-07-29 22:55:30.753 WARN  [main] c.e.a.service.VendorHealthService : Vendor 1 fetch failure 1/3 (1 total) — will retry
2026-07-29 22:55:30.754 WARN  [main] c.e.a.service.VendorHealthService : Vendor 1 fetch failure 2/3 (2 total) — will retry
2026-07-29 22:55:30.755 WARN  [main] c.e.a.service.VendorHealthService : Vendor 1 fetch failure 1/3 (1 total) — will retry
2026-07-29 22:55:30.755 WARN  [main] c.e.a.service.VendorHealthService : Vendor 1 fetch failure 2/3 (2 total) — will retry
2026-07-29 22:55:30.755 INFO  [main] c.e.a.service.VendorHealthService : Vendor 1 circuit closed — fetch succeeded after 2 consecutive failures
2026-07-29 22:55:30.756 WARN  [main] c.e.a.service.VendorHealthService : Vendor 1 fetch failure 1/3 (1 total) — will retry
2026-07-29 22:55:30.757 WARN  [main] c.e.a.service.VendorHealthService : Vendor 1 fetch failure 1/3 (1 total) — will retry
2026-07-29 22:55:30.757 WARN  [main] c.e.a.service.VendorHealthService : Vendor 1 fetch failure 2/3 (2 total) — will retry
2026-07-29 22:55:30.757 WARN  [main] c.e.a.service.VendorHealthService : Vendor 1 circuit OPEN — 3 consecutive fetch failures, pausing for 1 min
2026-07-29 22:55:30.757 WARN  [main] c.e.a.service.VendorHealthService : Vendor 2 fetch failure 1/3 (1 total) — will retry
2026-07-29 22:55:30.758 WARN  [main] c.e.a.service.VendorHealthService : Vendor 1 fetch failure 1/3 (1 total) — will retry
2026-07-29 22:55:30.758 WARN  [main] c.e.a.service.VendorHealthService : Vendor 1 fetch failure 2/3 (2 total) — will retry
2026-07-29 22:55:30.758 WARN  [main] c.e.a.service.VendorHealthService : Vendor 1 circuit OPEN — 3 consecutive fetch failures, pausing for 30 min
2026-07-29 22:55:30.760 WARN  [main] c.e.a.service.VendorHealthService : Vendor 1 fetch failure 1/3 (1 total) — will retry
2026-07-29 22:55:30.760 WARN  [main] c.e.a.service.VendorHealthService : Vendor 1 fetch failure 2/3 (2 total) — will retry
2026-07-29 22:55:30.760 WARN  [main] c.e.a.service.VendorHealthService : Vendor 1 circuit OPEN — 3 consecutive fetch failures, pausing for 1 min
2026-07-29 22:55:30.760 INFO  [main] c.e.a.service.VendorHealthService : Vendor 1 circuit closed — fetch succeeded after 3 consecutive failures
2026-07-29 22:55:30.761 WARN  [main] c.e.a.service.VendorHealthService : Vendor 1 fetch failure 1/3 (1 total) — will retry
2026-07-29 22:55:30.761 WARN  [main] c.e.a.service.VendorHealthService : Vendor 1 fetch failure 2/3 (2 total) — will retry
2026-07-29 22:55:30.761 WARN  [main] c.e.a.service.VendorHealthService : Vendor 1 circuit OPEN — 3 consecutive fetch failures, pausing for 1 min
2026-07-29 22:55:30.761 INFO  [main] c.e.a.service.VendorHealthService : Vendor 1 health state reset
2026-07-29 22:55:30.764 WARN  [main] c.e.a.service.VendorHealthService : Vendor 1 fetch failure 1/3 (1 total) — will retry
2026-07-29 22:55:30.764 WARN  [main] c.e.a.service.VendorHealthService : Vendor 1 fetch failure 2/3 (2 total) — will retry
2026-07-29 22:55:30.764 WARN  [main] c.e.a.service.VendorHealthService : Vendor 1 circuit OPEN — 3 consecutive fetch failures, pausing for 1 min
2026-07-29 22:55:30.765 WARN  [main] c.e.a.service.VendorHealthService : Vendor 1 fetch failure 1/3 (1 total) — will retry
2026-07-29 22:55:30.771 INFO  [main] c.e.a.service.DashboardService : Dashboard built: 5 vendors (3 active), 0 active breaking changes across 0 vendors
2026-07-29 22:55:30.778 INFO  [main] c.e.a.service.DashboardService : Dashboard built: 5 vendors (3 active), 1 active breaking changes across 1 vendors
2026-07-29 22:55:30.781 INFO  [main] c.e.a.service.DashboardService : Dashboard built: 5 vendors (3 active), 3 active breaking changes across 2 vendors
2026-07-29 22:55:30.784 INFO  [main] c.e.a.service.DashboardService : Dashboard built: 5 vendors (3 active), 0 active breaking changes across 0 vendors
2026-07-29 22:55:30.786 INFO  [main] c.e.a.service.DashboardService : Dashboard built: 5 vendors (3 active), 0 active breaking changes across 0 vendors
2026-07-29 22:55:30.791 INFO  [main] c.e.a.service.EncryptionService : Encryption service initialized with AES-256-GCM
2026-07-29 22:55:30.791 INFO  [main] c.e.a.service.EncryptionService : Encryption service initialized with AES-256-GCM
2026-07-29 22:55:30.792 INFO  [main] c.e.a.service.EncryptionService : Encryption service initialized with AES-256-GCM
2026-07-29 22:55:30.798 INFO  [main] c.e.a.service.EncryptionService : Encryption service initialized with AES-256-GCM
2026-07-29 22:55:30.799 INFO  [main] c.e.a.service.EncryptionService : Encryption service initialized with AES-256-GCM
2026-07-29 22:55:30.801 INFO  [main] c.e.a.service.EncryptionService : Encryption service initialized with AES-256-GCM
2026-07-29 22:55:30.803 INFO  [main] c.e.a.service.EncryptionService : Encryption service initialized with AES-256-GCM
2026-07-29 22:55:30.805 INFO  [main] c.e.a.service.EncryptionService : Encryption service initialized with AES-256-GCM
2026-07-29 22:55:30.807 ERROR [main] c.e.a.service.EncryptionService : Decryption failed: Illegal base64 character 2d
2026-07-29 22:55:30.812 INFO  [main] c.e.a.service.EncryptionService : Encryption service initialized with AES-256-GCM
2026-07-29 22:55:30.813 INFO  [main] c.e.a.service.EncryptionService : Encryption service initialized with AES-256-GCM
2026-07-29 22:55:30.814 INFO  [main] c.e.a.service.EncryptionService : Encryption service initialized with AES-256-GCM
2026-07-29 22:55:30.815 ERROR [main] c.e.a.service.EncryptionService : Decryption failed: Tag mismatch
2026-07-29 22:55:30.826 DEBUG [main] c.e.a.engine.FingerprintService : Fingerprint 13d64596c0d56951de024b495b7b912546c6d214260bafcefb98c00b8063c77e already active, suppressing duplicate alert
2026-07-29 22:55:30.826 INFO  [main] c.e.a.engine.FingerprintService : Fingerprint abc123 auto-resolved (no longer detected)
2026-07-29 22:55:30.826 INFO  [main] c.e.a.engine.FingerprintService : Dedup complete: 1 total changes, 0 alertable
2026-07-29 22:55:30.829 INFO  [main] c.e.a.engine.FingerprintService : Fingerprint 13d64596c0d56951de024b495b7b912546c6d214260bafcefb98c00b8063c77e RESOLVED → re-activated, alerting
2026-07-29 22:55:30.829 INFO  [main] c.e.a.engine.FingerprintService : Dedup complete: 1 total changes, 1 alertable
2026-07-29 22:55:30.831 INFO  [main] c.e.a.engine.FingerprintService : New fingerprint 13d64596c0d56951de024b495b7b912546c6d214260bafcefb98c00b8063c77e created, alerting
2026-07-29 22:55:30.832 INFO  [main] c.e.a.engine.FingerprintService : Dedup complete: 1 total changes, 1 alertable
2026-07-29 22:55:30.835 INFO  [main] c.e.a.engine.FingerprintService : Dedup complete: 0 total changes, 0 alertable
2026-07-29 22:55:30.841 INFO  [main] c.e.a.engine.FingerprintService : New fingerprint b63b7d124cde498536c7539883efdac759e51660608d64c8cc434b3e8e4a0008 created, alerting
2026-07-29 22:55:30.842 INFO  [main] c.e.a.engine.FingerprintService : Fingerprint old-hash auto-resolved (no longer detected)
2026-07-29 22:55:30.842 INFO  [main] c.e.a.engine.FingerprintService : Dedup complete: 1 total changes, 1 alertable
2026-07-29 22:55:30.870 INFO  [main] c.e.a.e.DirectionalCompatibilityEvaluator : Compatibility evaluation complete: 0 total changes, 0 breaking
2026-07-29 22:55:30.873 INFO  [main] c.e.a.e.DirectionalCompatibilityEvaluator : Compatibility evaluation complete: 1 total changes, 1 breaking
2026-07-29 22:55:30.877 INFO  [main] c.e.a.e.DirectionalCompatibilityEvaluator : Compatibility evaluation complete: 1 total changes, 1 breaking
2026-07-29 22:55:30.878 INFO  [main] c.e.a.e.DirectionalCompatibilityEvaluator : Compatibility evaluation complete: 1 total changes, 0 breaking
2026-07-29 22:55:30.880 INFO  [main] c.e.a.e.DirectionalCompatibilityEvaluator : Compatibility evaluation complete: 4 total changes, 2 breaking
2026-07-29 22:55:30.882 INFO  [main] c.e.a.e.DirectionalCompatibilityEvaluator : Compatibility evaluation complete: 0 total changes, 0 breaking
2026-07-29 22:55:30.884 INFO  [main] c.e.a.e.DirectionalCompatibilityEvaluator : Compatibility evaluation complete: 2 total changes, 1 breaking
2026-07-29 22:55:30.885 INFO  [main] c.e.a.e.DirectionalCompatibilityEvaluator : Compatibility evaluation complete: 1 total changes, 0 breaking
2026-07-29 22:55:30.887 INFO  [main] c.e.a.e.DirectionalCompatibilityEvaluator : Compatibility evaluation complete: 1 total changes, 1 breaking
2026-07-29 22:55:30.975 DEBUG [main] c.e.a.e.telemetry.TelemetryRegistry : Registered: vendor=1, endpoint=/v1/test, field=null → test-svc
2026-07-29 22:55:30.978 DEBUG [main] c.e.a.e.telemetry.TelemetryRegistry : Dependency already exists: vendor=1, endpoint=/v1/charges, service=payment-service — skipping
2026-07-29 22:55:30.980 DEBUG [main] c.e.a.e.telemetry.TelemetryRegistry : Registered: vendor=1, endpoint=/v1/charges, field=/requestBody/properties/amount → payment-service
2026-07-29 22:55:30.985 DEBUG [main] c.e.a.e.telemetry.TelemetryRegistry : Telemetry hit: vendor=1, endpoint=/v1/charges, field=/requestBody/properties/amount → [order-service, payment-service]
2026-07-29 22:55:30.991 INFO  [main] c.e.a.e.t.UsageCorrelationService : Change on /v1/charges//parameters/page consumed by [payment-service] — severity escalated to CRITICAL
2026-07-29 22:55:30.994 INFO  [main] c.e.a.e.t.UsageCorrelationService : Change on /v1/charges//parameters/id consumed by [payment-service] — severity escalated to CRITICAL
2026-07-29 22:55:30.999 INFO  [main] c.e.a.e.t.UsageCorrelationService : Change on /v1/charges//parameters/id consumed by [order-service, user-service, payment-service] — severity escalated to CRITICAL
2026-07-29 22:55:31.002 INFO  [main] c.e.a.e.t.UsageCorrelationService : Change on /v1/charges//parameters/id not consumed — severity downgraded to LOW
2026-07-29 22:55:31.067 DEBUG [main] c.e.a.engine.EgressFetchService : SSRF validation passed for example.com -> 172.66.147.243
